-- MySQL dump 10.13  Distrib 9.3.0, for macos15.2 (arm64)
--
-- Host: localhost    Database: drama
-- ------------------------------------------------------
-- Server version	9.3.0

/*!40101 SET @OLD_CHARACTER_SET_CLIENT=@@CHARACTER_SET_CLIENT */;
/*!40101 SET @OLD_CHARACTER_SET_RESULTS=@@CHARACTER_SET_RESULTS */;
/*!40101 SET @OLD_COLLATION_CONNECTION=@@COLLATION_CONNECTION */;
/*!50503 SET NAMES utf8mb4 */;
/*!40103 SET @OLD_TIME_ZONE=@@TIME_ZONE */;
/*!40103 SET TIME_ZONE='+00:00' */;
/*!40014 SET @OLD_UNIQUE_CHECKS=@@UNIQUE_CHECKS, UNIQUE_CHECKS=0 */;
/*!40014 SET @OLD_FOREIGN_KEY_CHECKS=@@FOREIGN_KEY_CHECKS, FOREIGN_KEY_CHECKS=0 */;
/*!40101 SET @OLD_SQL_MODE=@@SQL_MODE, SQL_MODE='NO_AUTO_VALUE_ON_ZERO' */;
/*!40111 SET @OLD_SQL_NOTES=@@SQL_NOTES, SQL_NOTES=0 */;

--
-- Current Database: `drama`
--

CREATE DATABASE /*!32312 IF NOT EXISTS*/ `drama` /*!40100 DEFAULT CHARACTER SET utf8mb4 COLLATE utf8mb4_unicode_ci */ /*!80016 DEFAULT ENCRYPTION='N' */;

USE `drama`;

--
-- Table structure for table `user_account`
--

DROP TABLE IF EXISTS `user_account`;
/*!40101 SET @saved_cs_client     = @@character_set_client */;
/*!50503 SET character_set_client = utf8mb4 */;
CREATE TABLE `user_account` (
  `id` bigint NOT NULL AUTO_INCREMENT,
  `username` varchar(64) CHARACTER SET utf8mb4 COLLATE utf8mb4_unicode_ci NOT NULL,
  `password_hash` varchar(128) CHARACTER SET utf8mb4 COLLATE utf8mb4_unicode_ci NOT NULL,
  `create_time` datetime DEFAULT CURRENT_TIMESTAMP,
  `update_time` datetime DEFAULT CURRENT_TIMESTAMP ON UPDATE CURRENT_TIMESTAMP,
  `last_login_time` datetime DEFAULT NULL,
  PRIMARY KEY (`id`),
  UNIQUE KEY `uk_username` (`username`)
) ENGINE=InnoDB DEFAULT CHARSET=utf8mb4 COLLATE=utf8mb4_unicode_ci;
/*!40101 SET character_set_client = @saved_cs_client */;

--
-- Table structure for table `user_session`
--

DROP TABLE IF EXISTS `user_session`;
/*!40101 SET @saved_cs_client     = @@character_set_client */;
/*!50503 SET character_set_client = utf8mb4 */;
CREATE TABLE `user_session` (
  `id` bigint NOT NULL AUTO_INCREMENT,
  `user_id` bigint NOT NULL,
  `token_hash` char(64) CHARACTER SET utf8mb4 COLLATE utf8mb4_unicode_ci NOT NULL,
  `device_id` varchar(64) CHARACTER SET utf8mb4 COLLATE utf8mb4_unicode_ci DEFAULT NULL,
  `create_time` datetime DEFAULT CURRENT_TIMESTAMP,
  `expire_time` datetime NOT NULL,
  PRIMARY KEY (`id`),
  UNIQUE KEY `uk_token_hash` (`token_hash`),
  KEY `idx_user` (`user_id`),
  KEY `idx_expire` (`expire_time`)
) ENGINE=InnoDB DEFAULT CHARSET=utf8mb4 COLLATE=utf8mb4_unicode_ci;
/*!40101 SET character_set_client = @saved_cs_client */;

--
-- Table structure for table `ai_generation`
--

DROP TABLE IF EXISTS `ai_generation`;
/*!40101 SET @saved_cs_client     = @@character_set_client */;
/*!50503 SET character_set_client = utf8mb4 */;
CREATE TABLE `ai_generation` (
  `id` bigint NOT NULL AUTO_INCREMENT,
  `device_id` varchar(64) CHARACTER SET utf8mb4 COLLATE utf8mb4_unicode_ci DEFAULT NULL,
  `drama_id` bigint DEFAULT NULL,
  `episode_id` bigint DEFAULT NULL,
  `highlight_id` bigint DEFAULT NULL,
  `option_code` varchar(64) CHARACTER SET utf8mb4 COLLATE utf8mb4_unicode_ci DEFAULT NULL,
  `prompt` text CHARACTER SET utf8mb4 COLLATE utf8mb4_unicode_ci,
  `content_type` varchar(16) CHARACTER SET utf8mb4 COLLATE utf8mb4_unicode_ci DEFAULT 'TEXT',
  `title` varchar(128) CHARACTER SET utf8mb4 COLLATE utf8mb4_unicode_ci DEFAULT NULL,
  `content` text CHARACTER SET utf8mb4 COLLATE utf8mb4_unicode_ci,
  `content_url` varchar(1024) CHARACTER SET utf8mb4 COLLATE utf8mb4_unicode_ci DEFAULT NULL,
  `status` varchar(16) CHARACTER SET utf8mb4 COLLATE utf8mb4_unicode_ci DEFAULT 'success',
  `like_count` int DEFAULT '0',
  `comment_count` int DEFAULT '0',
  `create_time` datetime DEFAULT CURRENT_TIMESTAMP,
  PRIMARY KEY (`id`),
  KEY `idx_hl` (`highlight_id`)
) ENGINE=InnoDB AUTO_INCREMENT=3 DEFAULT CHARSET=utf8mb4 COLLATE=utf8mb4_unicode_ci;
/*!40101 SET character_set_client = @saved_cs_client */;

--
-- Dumping data for table `ai_generation`
--

LOCK TABLES `ai_generation` WRITE;
/*!40000 ALTER TABLE `ai_generation` DISABLE KEYS */;
INSERT INTO `ai_generation` VALUES (1,NULL,3,204,1020,'alone','北往第2集72s试错分支：不管女孩直接骑摩托离开','VIDEO','不管女孩直接骑摩托离开',NULL,'https://short-drama-1308237976.cos.ap-guangzhou.myqcloud.com/uploads/branch/b-demo.mp4','success',0,0,'2026-06-07 23:59:05'),(2,NULL,3,223,1021,'ignite_fire','北往第10集150s动作互动：点击给他打火','VIDEO','点击给他打火',NULL,'https://short-drama-1308237976.cos.ap-guangzhou.myqcloud.com/uploads/action/a-demo.mp4','success',0,0,'2026-06-08 00:19:00');
/*!40000 ALTER TABLE `ai_generation` ENABLE KEYS */;
UNLOCK TABLES;

--
-- Table structure for table `ai_generation_comment`
--

DROP TABLE IF EXISTS `ai_generation_comment`;
/*!40101 SET @saved_cs_client     = @@character_set_client */;
/*!50503 SET character_set_client = utf8mb4 */;
CREATE TABLE `ai_generation_comment` (
  `id` bigint NOT NULL AUTO_INCREMENT,
  `generation_id` bigint NOT NULL,
  `device_id` varchar(64) CHARACTER SET utf8mb4 COLLATE utf8mb4_unicode_ci DEFAULT NULL,
  `nickname` varchar(64) CHARACTER SET utf8mb4 COLLATE utf8mb4_unicode_ci DEFAULT NULL,
  `content` text CHARACTER SET utf8mb4 COLLATE utf8mb4_unicode_ci NOT NULL,
  `create_time` datetime DEFAULT CURRENT_TIMESTAMP,
  PRIMARY KEY (`id`),
  KEY `idx_gen` (`generation_id`)
) ENGINE=InnoDB DEFAULT CHARSET=utf8mb4 COLLATE=utf8mb4_unicode_ci;
/*!40101 SET character_set_client = @saved_cs_client */;

--
-- Dumping data for table `ai_generation_comment`
--

LOCK TABLES `ai_generation_comment` WRITE;
/*!40000 ALTER TABLE `ai_generation_comment` DISABLE KEYS */;
/*!40000 ALTER TABLE `ai_generation_comment` ENABLE KEYS */;
UNLOCK TABLES;

--
-- Table structure for table `ai_generation_like`
--

DROP TABLE IF EXISTS `ai_generation_like`;
/*!40101 SET @saved_cs_client     = @@character_set_client */;
/*!50503 SET character_set_client = utf8mb4 */;
CREATE TABLE `ai_generation_like` (
  `id` bigint NOT NULL AUTO_INCREMENT,
  `generation_id` bigint NOT NULL,
  `device_id` varchar(64) CHARACTER SET utf8mb4 COLLATE utf8mb4_unicode_ci NOT NULL,
  `create_time` datetime DEFAULT CURRENT_TIMESTAMP,
  PRIMARY KEY (`id`),
  UNIQUE KEY `uk_gen_dev` (`generation_id`,`device_id`)
) ENGINE=InnoDB DEFAULT CHARSET=utf8mb4 COLLATE=utf8mb4_unicode_ci;
/*!40101 SET character_set_client = @saved_cs_client */;

--
-- Dumping data for table `ai_generation_like`
--

LOCK TABLES `ai_generation_like` WRITE;
/*!40000 ALTER TABLE `ai_generation_like` DISABLE KEYS */;
/*!40000 ALTER TABLE `ai_generation_like` ENABLE KEYS */;
UNLOCK TABLES;

--
-- Table structure for table `analysis_task`
--

DROP TABLE IF EXISTS `analysis_task`;
/*!40101 SET @saved_cs_client     = @@character_set_client */;
/*!50503 SET character_set_client = utf8mb4 */;
CREATE TABLE `analysis_task` (
  `id` bigint NOT NULL AUTO_INCREMENT,
  `batch_id` bigint NOT NULL,
  `status` varchar(32) CHARACTER SET utf8mb4 COLLATE utf8mb4_unicode_ci DEFAULT 'WAITING_UPLOAD',
  `stage` varchar(32) CHARACTER SET utf8mb4 COLLATE utf8mb4_unicode_ci DEFAULT NULL,
  `progress` int DEFAULT '0',
  `message` varchar(512) CHARACTER SET utf8mb4 COLLATE utf8mb4_unicode_ci DEFAULT NULL,
  `error_message` text CHARACTER SET utf8mb4 COLLATE utf8mb4_unicode_ci,
  `callback_token` varchar(128) CHARACTER SET utf8mb4 COLLATE utf8mb4_unicode_ci NOT NULL,
  `judge_api_key_enc` text CHARACTER SET utf8mb4 COLLATE utf8mb4_unicode_ci,
  `judge_endpoint_id` varchar(128) CHARACTER SET utf8mb4 COLLATE utf8mb4_unicode_ci DEFAULT NULL,
  `generation_api_key_enc` text CHARACTER SET utf8mb4 COLLATE utf8mb4_unicode_ci,
  `generation_endpoint_id` varchar(128) CHARACTER SET utf8mb4 COLLATE utf8mb4_unicode_ci DEFAULT NULL,
  `has_generation_key` tinyint DEFAULT '0',
  `result_json` longtext CHARACTER SET utf8mb4 COLLATE utf8mb4_unicode_ci,
  `create_time` datetime DEFAULT CURRENT_TIMESTAMP,
  `update_time` datetime DEFAULT CURRENT_TIMESTAMP ON UPDATE CURRENT_TIMESTAMP,
  PRIMARY KEY (`id`),
  KEY `idx_batch` (`batch_id`)
) ENGINE=InnoDB DEFAULT CHARSET=utf8mb4 COLLATE=utf8mb4_unicode_ci;
/*!40101 SET character_set_client = @saved_cs_client */;

--
-- Dumping data for table `analysis_task`
--

LOCK TABLES `analysis_task` WRITE;
/*!40000 ALTER TABLE `analysis_task` DISABLE KEYS */;
/*!40000 ALTER TABLE `analysis_task` ENABLE KEYS */;
UNLOCK TABLES;

--
-- Table structure for table `drama`
--

DROP TABLE IF EXISTS `drama`;
/*!40101 SET @saved_cs_client     = @@character_set_client */;
/*!50503 SET character_set_client = utf8mb4 */;
CREATE TABLE `drama` (
  `id` bigint NOT NULL AUTO_INCREMENT,
  `title` varchar(128) CHARACTER SET utf8mb4 COLLATE utf8mb4_unicode_ci NOT NULL,
  `description` text CHARACTER SET utf8mb4 COLLATE utf8mb4_unicode_ci,
  `cover_url` varchar(512) CHARACTER SET utf8mb4 COLLATE utf8mb4_unicode_ci DEFAULT NULL,
  `tags` varchar(255) CHARACTER SET utf8mb4 COLLATE utf8mb4_unicode_ci DEFAULT NULL,
  `status` tinyint DEFAULT '1',
  `create_time` datetime DEFAULT CURRENT_TIMESTAMP,
  `update_time` datetime DEFAULT CURRENT_TIMESTAMP ON UPDATE CURRENT_TIMESTAMP,
  `drama_no` int DEFAULT NULL,
  `drama_code` varchar(32) CHARACTER SET utf8mb4 COLLATE utf8mb4_unicode_ci DEFAULT NULL,
  `original_folder_name` varchar(255) CHARACTER SET utf8mb4 COLLATE utf8mb4_unicode_ci DEFAULT NULL,
  PRIMARY KEY (`id`),
  KEY `idx_drama_code` (`drama_code`)
) ENGINE=InnoDB AUTO_INCREMENT=11 DEFAULT CHARSET=utf8mb4 COLLATE=utf8mb4_unicode_ci;
/*!40101 SET character_set_client = @saved_cs_client */;

--
-- Dumping data for table `drama`
--

LOCK TABLES `drama` WRITE;
/*!40000 ALTER TABLE `drama` DISABLE KEYS */;
INSERT INTO `drama` VALUES (1,'北派寻宝笔记','二十一世纪初，东北山村的穷小子项云峰一心想出人头地，机缘下踏入北方一行当，从此踏遍南北山河，闯过无数险地，见识江湖人情百态，结识三教九流各色人物。他一路摸爬滚打，从青涩少年熬成沉稳中年，岁月蹉跎尝尽酸甜冷暖，历经半生风雨，终将一路亲身经历与所见所闻落笔，写成独属于自己的自传','/assets/covers/episode01.png','爽剧,反转,悬疑',1,'2026-06-05 11:19:49','2026-06-07 13:42:47',1,'episode01','北派寻宝笔记'),(2,'天下第一纨绔','皇帝为独女比武招亲，蛮夷欲夺魁。为阻蛮夷，皇帝命高手秦武测试青年。镇北侯之子苏羽表面纨绔，实为隐忍多年报母仇。测试中苏羽一拳重伤秦武，获得资格。比武场上，他再一拳败尽蛮夷，震惊四座，更引出其深藏的另一重惊人身份。','/assets/covers/episode08.png','逆袭,搞笑',1,'2026-06-05 11:19:49','2026-06-07 13:42:47',8,'episode08','天下第一纨绔'),(3,'北往','许成名与赵鹏两位东北汉子，春运买不到票，便骑摩托从云南返乡。一路之上，两人仗义出手，救下轻生女子、帮扶寻亲母子、揭穿骗子骗局，以善意化解种种波折。这段充满温暖与欢笑的旅程，让二人愈发懂得家的意义，也坚定了过完年留在家乡、建设故土的决心，尽显东北人的豪爽仗义与质朴温情。','/assets/covers/episode02.png','剧情，现代',1,'2026-06-06 01:38:32','2026-06-07 13:42:47',2,'episode02','北往'),(4,'荒年全村啃树皮，我有系统满仓肉','程弯弯一觉醒来，竟穿越到古代大河村，成了三十三岁的农妇。四个儿子跪在床前唤娘，儿媳更是身怀六甲，母胎单身三十三年的她，直接升级成了奶奶。她不仅要费心管教四个儿子，还接连遭遇蝗灾、旱灾、雪灾等重重天灾。好在她意外拥有交易商城，凭借商城物资，她定下两个目标：一是带领全家平安度过荒年，二是在古代活出属于自己的精彩人生。本剧改编自番茄小说《荒年全村啃树皮，我有系统满仓肉》，作者朝云紫。','/assets/covers/episode03.png','古代，穿越，奇幻',1,'2026-06-07 00:36:08','2026-06-07 13:42:47',3,'episode03','荒年全村啃树皮，我有系统满仓肉'),(5,'家里家外','1981年，蔡晓艳和陈海清两人闪婚，各自带着孩子组成了新的家庭。蔡晓艳性格泼辣，陈海清却偏爱她。相处中，蔡晓艳温暖了陈海清的女儿陈爽，陈海清也赢得了蔡晓艳儿子邵一帆的信任，一家四口相互支持，日子越过越美好。','/assets/covers/episode04.png','爱情，家庭伦理',1,'2026-06-07 00:36:08','2026-06-07 13:42:47',4,'episode04','家里家外'),(6,'那年冬至','冬至这天，南昭宁与残疾的京烁闪婚。可新婚当晚，京烁对她说的第一句话竟是他一年后打算去死？既然如此，南昭宁决定抓紧享受，随便玩玩，顺便生个漂亮孩子！婚后，南昭宁像一束光照亮了京烁灰暗的世界，成为了他的救赎。在温暖又甜蜜的日常中两人彼此心动，双向奔赴。爱创造奇迹，确认心意的两人携手走向幸福的未来。','/assets/covers/episode05.png','现代，爱情',1,'2026-06-07 00:36:08','2026-06-07 13:42:47',5,'episode05','那年冬至'),(7,'十八岁太奶奶驾到，重整家族荣耀第三部','1955年容遇教授意外去世，一睁眼竟穿到了七十年后一位同名同姓的十八岁少女身上，她儿子已成了七十多岁的董事长，她还有了几个帅气重孙子。这一季容遇经历了纪家三少爷变傻、纪老爷子失恋、灯塔国恶意扣押等事件，但她凭借智慧和能力整顿了一切！','/assets/covers/episode06.png','现代，亲情，穿越',1,'2026-06-07 00:36:08','2026-06-07 13:42:47',6,'episode06','十八岁太奶奶驾到，重整家族荣耀第三部'),(8,'撕夜','前世，江清芷将继承的母亲公司股份赠予校草男友叶俊良，却遭他与父亲江大鸣、继母金美艳、继姐江晴雪合谋杀害。死后她得知母亲也是被这几人害死，而黑道病娇大佬楚辰安为她报仇后殉情，她才明白楚辰安的深情。重生后，虽然楚辰安依旧不相信她的真心，但江清芷果断投向楚辰安，发誓非他不嫁，并开始借助他的权势反击。','/assets/covers/episode07.png','现代，言情',1,'2026-06-07 00:36:08','2026-06-07 13:42:47',7,'episode07','撕夜'),(9,'幸得相遇离婚时','唐颖曾为丈夫当全职太太，怀孕五月却遭其与第三者欺辱赶出。离婚后，她嫁给了极具魅力的江辞云，江辞云助她成长，二人先婚后爱，联手报复前夫与第三者，终获事业爱情双丰收。','/assets/covers/episode09.png','爱情，现代，逆袭',1,'2026-06-07 00:36:08','2026-06-07 13:42:47',9,'episode09','幸得相遇离婚时'),(10,'云渺1：我修仙多年强亿点怎么了','江城顶级权贵周老爷子即将离世，临走前却有挂念之人，不肯咽气，周家人愁眉不展之时，一名绝美女子云渺敲响周家大门，周家人都认为她是周老爷子心上人的后人，然而随着云渺见到周老爷子，周老爷子却奇迹般起身，道出了一个惊人真相。（该剧改编自番茄小说《我，修仙大佬强亿点怎么了》，作者白菜）','/assets/covers/episode10.png','玄幻，民国',1,'2026-06-07 00:36:08','2026-06-07 13:42:47',10,'episode10','云渺1：我修仙多年强亿点怎么了');
/*!40000 ALTER TABLE `drama` ENABLE KEYS */;
UNLOCK TABLES;

--
-- Table structure for table `episode`
--

DROP TABLE IF EXISTS `episode`;
/*!40101 SET @saved_cs_client     = @@character_set_client */;
/*!50503 SET character_set_client = utf8mb4 */;
CREATE TABLE `episode` (
  `id` bigint NOT NULL AUTO_INCREMENT,
  `drama_id` bigint NOT NULL,
  `episode_no` int NOT NULL,
  `title` varchar(128) CHARACTER SET utf8mb4 COLLATE utf8mb4_unicode_ci DEFAULT NULL,
  `video_url` varchar(512) CHARACTER SET utf8mb4 COLLATE utf8mb4_unicode_ci NOT NULL,
  `duration` int DEFAULT NULL COMMENT '秒',
  `subtitle_text` longtext CHARACTER SET utf8mb4 COLLATE utf8mb4_unicode_ci,
  `create_time` datetime DEFAULT CURRENT_TIMESTAMP,
  `original_file_name` varchar(255) CHARACTER SET utf8mb4 COLLATE utf8mb4_unicode_ci DEFAULT NULL,
  `normalized_file_name` varchar(255) CHARACTER SET utf8mb4 COLLATE utf8mb4_unicode_ci DEFAULT NULL,
  `backend_key` varchar(512) CHARACTER SET utf8mb4 COLLATE utf8mb4_unicode_ci DEFAULT NULL,
  `cos_key` varchar(512) CHARACTER SET utf8mb4 COLLATE utf8mb4_unicode_ci DEFAULT NULL,
  PRIMARY KEY (`id`),
  KEY `idx_drama` (`drama_id`),
  KEY `idx_episode_normalized_file` (`normalized_file_name`)
) ENGINE=InnoDB AUTO_INCREMENT=303 DEFAULT CHARSET=utf8mb4 COLLATE=utf8mb4_unicode_ci;
/*!40101 SET character_set_client = @saved_cs_client */;

--
-- Dumping data for table `episode`
--

LOCK TABLES `episode` WRITE;
/*!40000 ALTER TABLE `episode` DISABLE KEYS */;
INSERT INTO `episode` VALUES (201,2,1,'第1集','https://short-drama-1308237976.cos.ap-guangzhou.myqcloud.com/uploads/episode08/episode08-01.mp4',160,NULL,'2026-06-05 11:19:49','第1集.mp4','episode08-01.mp4','video/episode08/episode08-01.mp4','uploads/episode08/episode08-01.mp4'),(204,3,2,'第2集','https://short-drama-1308237976.cos.ap-guangzhou.myqcloud.com/uploads/episode02/episode02-02.mp4',0,NULL,'2026-06-06 02:09:50','第2集.mp4','episode02-02.mp4','video/episode02/episode02-02.mp4','uploads/episode02/episode02-02.mp4'),(205,3,1,'第1集','https://short-drama-1308237976.cos.ap-guangzhou.myqcloud.com/uploads/episode02/episode02-01.mp4',0,NULL,'2026-06-07 00:02:52','第1集.mp4','episode02-01.mp4','video/episode02/episode02-01.mp4','uploads/episode02/episode02-01.mp4'),(206,1,63,'第63集','https://short-drama-1308237976.cos.ap-guangzhou.myqcloud.com/uploads/episode01/episode01-63.mp4',0,NULL,'2026-06-07 00:36:08','第63集.mp4','episode01-63.mp4','video/episode01/episode01-63.mp4','uploads/episode01/episode01-63.mp4'),(207,1,64,'第64集','https://short-drama-1308237976.cos.ap-guangzhou.myqcloud.com/uploads/episode01/episode01-64.mp4',0,NULL,'2026-06-07 00:36:08','第64集.mp4','episode01-64.mp4','video/episode01/episode01-64.mp4','uploads/episode01/episode01-64.mp4'),(208,1,65,'第65集','https://short-drama-1308237976.cos.ap-guangzhou.myqcloud.com/uploads/episode01/episode01-65.mp4',0,NULL,'2026-06-07 00:36:08','第65集.mp4','episode01-65.mp4','video/episode01/episode01-65.mp4','uploads/episode01/episode01-65.mp4'),(209,1,66,'第66集','https://short-drama-1308237976.cos.ap-guangzhou.myqcloud.com/uploads/episode01/episode01-66.mp4',0,NULL,'2026-06-07 00:36:08','第66集.mp4','episode01-66.mp4','video/episode01/episode01-66.mp4','uploads/episode01/episode01-66.mp4'),(210,1,67,'第67集','https://short-drama-1308237976.cos.ap-guangzhou.myqcloud.com/uploads/episode01/episode01-67.mp4',0,NULL,'2026-06-07 00:36:08','第67集.mp4','episode01-67.mp4','video/episode01/episode01-67.mp4','uploads/episode01/episode01-67.mp4'),(211,1,68,'第68集','https://short-drama-1308237976.cos.ap-guangzhou.myqcloud.com/uploads/episode01/episode01-68.mp4',0,NULL,'2026-06-07 00:36:08','第68集.mp4','episode01-68.mp4','video/episode01/episode01-68.mp4','uploads/episode01/episode01-68.mp4'),(212,1,69,'第69集','https://short-drama-1308237976.cos.ap-guangzhou.myqcloud.com/uploads/episode01/episode01-69.mp4',0,NULL,'2026-06-07 00:36:08','第69集.mp4','episode01-69.mp4','video/episode01/episode01-69.mp4','uploads/episode01/episode01-69.mp4'),(213,1,70,'第70集','https://short-drama-1308237976.cos.ap-guangzhou.myqcloud.com/uploads/episode01/episode01-70.mp4',0,NULL,'2026-06-07 00:36:08','第70集.mp4','episode01-70.mp4','video/episode01/episode01-70.mp4','uploads/episode01/episode01-70.mp4'),(214,1,71,'第71集','https://short-drama-1308237976.cos.ap-guangzhou.myqcloud.com/uploads/episode01/episode01-71.mp4',0,NULL,'2026-06-07 00:36:08','第71集.mp4','episode01-71.mp4','video/episode01/episode01-71.mp4','uploads/episode01/episode01-71.mp4'),(215,1,72,'第72集','https://short-drama-1308237976.cos.ap-guangzhou.myqcloud.com/uploads/episode01/episode01-72.mp4',0,NULL,'2026-06-07 00:36:08','第72集.mp4','episode01-72.mp4','video/episode01/episode01-72.mp4','uploads/episode01/episode01-72.mp4'),(216,3,3,'第3集','https://short-drama-1308237976.cos.ap-guangzhou.myqcloud.com/uploads/episode02/episode02-03.mp4',0,NULL,'2026-06-07 00:36:08','第3集.mp4','episode02-03.mp4','video/episode02/episode02-03.mp4','uploads/episode02/episode02-03.mp4'),(217,3,4,'第4集','https://short-drama-1308237976.cos.ap-guangzhou.myqcloud.com/uploads/episode02/episode02-04.mp4',0,NULL,'2026-06-07 00:36:08','第4集.mp4','episode02-04.mp4','video/episode02/episode02-04.mp4','uploads/episode02/episode02-04.mp4'),(218,3,5,'第5集','https://short-drama-1308237976.cos.ap-guangzhou.myqcloud.com/uploads/episode02/episode02-05.mp4',0,NULL,'2026-06-07 00:36:08','第5集.mp4','episode02-05.mp4','video/episode02/episode02-05.mp4','uploads/episode02/episode02-05.mp4'),(219,3,6,'第6集','https://short-drama-1308237976.cos.ap-guangzhou.myqcloud.com/uploads/episode02/episode02-06.mp4',0,NULL,'2026-06-07 00:36:08','第6集.mp4','episode02-06.mp4','video/episode02/episode02-06.mp4','uploads/episode02/episode02-06.mp4'),(220,3,7,'第7集','https://short-drama-1308237976.cos.ap-guangzhou.myqcloud.com/uploads/episode02/episode02-07.mp4',0,NULL,'2026-06-07 00:36:08','第7集.mp4','episode02-07.mp4','video/episode02/episode02-07.mp4','uploads/episode02/episode02-07.mp4'),(221,3,8,'第8集','https://short-drama-1308237976.cos.ap-guangzhou.myqcloud.com/uploads/episode02/episode02-08.mp4',0,NULL,'2026-06-07 00:36:08','第8集.mp4','episode02-08.mp4','video/episode02/episode02-08.mp4','uploads/episode02/episode02-08.mp4'),(222,3,9,'第9集','https://short-drama-1308237976.cos.ap-guangzhou.myqcloud.com/uploads/episode02/episode02-09.mp4',0,NULL,'2026-06-07 00:36:08','第9集.mp4','episode02-09.mp4','video/episode02/episode02-09.mp4','uploads/episode02/episode02-09.mp4'),(223,3,10,'第10集','https://short-drama-1308237976.cos.ap-guangzhou.myqcloud.com/uploads/episode02/episode02-10.mp4',0,NULL,'2026-06-07 00:36:08','第10集.mp4','episode02-10.mp4','video/episode02/episode02-10.mp4','uploads/episode02/episode02-10.mp4'),(224,4,1,'第1集','https://short-drama-1308237976.cos.ap-guangzhou.myqcloud.com/uploads/episode03/episode03-01.mp4',0,NULL,'2026-06-07 00:36:08','第1集.mp4','episode03-01.mp4','video/episode03/episode03-01.mp4','uploads/episode03/episode03-01.mp4'),(225,4,2,'第2集','https://short-drama-1308237976.cos.ap-guangzhou.myqcloud.com/uploads/episode03/episode03-02.mp4',0,NULL,'2026-06-07 00:36:08','第2集.mp4','episode03-02.mp4','video/episode03/episode03-02.mp4','uploads/episode03/episode03-02.mp4'),(226,4,3,'第3集','https://short-drama-1308237976.cos.ap-guangzhou.myqcloud.com/uploads/episode03/episode03-03.mp4',0,NULL,'2026-06-07 00:36:08','第3集.mp4','episode03-03.mp4','video/episode03/episode03-03.mp4','uploads/episode03/episode03-03.mp4'),(227,4,4,'第4集','https://short-drama-1308237976.cos.ap-guangzhou.myqcloud.com/uploads/episode03/episode03-04.mp4',0,NULL,'2026-06-07 00:36:08','第4集.mp4','episode03-04.mp4','video/episode03/episode03-04.mp4','uploads/episode03/episode03-04.mp4'),(228,4,5,'第5集','https://short-drama-1308237976.cos.ap-guangzhou.myqcloud.com/uploads/episode03/episode03-05.mp4',0,NULL,'2026-06-07 00:36:08','第5集.mp4','episode03-05.mp4','video/episode03/episode03-05.mp4','uploads/episode03/episode03-05.mp4'),(229,4,6,'第6集','https://short-drama-1308237976.cos.ap-guangzhou.myqcloud.com/uploads/episode03/episode03-06.mp4',0,NULL,'2026-06-07 00:36:08','第6集.mp4','episode03-06.mp4','video/episode03/episode03-06.mp4','uploads/episode03/episode03-06.mp4'),(230,4,7,'第7集','https://short-drama-1308237976.cos.ap-guangzhou.myqcloud.com/uploads/episode03/episode03-07.mp4',0,NULL,'2026-06-07 00:36:08','第7集.mp4','episode03-07.mp4','video/episode03/episode03-07.mp4','uploads/episode03/episode03-07.mp4'),(231,4,8,'第8集','https://short-drama-1308237976.cos.ap-guangzhou.myqcloud.com/uploads/episode03/episode03-08.mp4',0,NULL,'2026-06-07 00:36:08','第8集.mp4','episode03-08.mp4','video/episode03/episode03-08.mp4','uploads/episode03/episode03-08.mp4'),(232,4,9,'第9集','https://short-drama-1308237976.cos.ap-guangzhou.myqcloud.com/uploads/episode03/episode03-09.mp4',0,NULL,'2026-06-07 00:36:08','第9集.mp4','episode03-09.mp4','video/episode03/episode03-09.mp4','uploads/episode03/episode03-09.mp4'),(233,4,10,'第10集','https://short-drama-1308237976.cos.ap-guangzhou.myqcloud.com/uploads/episode03/episode03-10.mp4',0,NULL,'2026-06-07 00:36:08','第10集.mp4','episode03-10.mp4','video/episode03/episode03-10.mp4','uploads/episode03/episode03-10.mp4'),(234,5,1,'第1集','https://short-drama-1308237976.cos.ap-guangzhou.myqcloud.com/uploads/episode04/episode04-01.mp4',0,NULL,'2026-06-07 00:36:08','第1集.mp4','episode04-01.mp4','video/episode04/episode04-01.mp4','uploads/episode04/episode04-01.mp4'),(235,5,2,'第2集','https://short-drama-1308237976.cos.ap-guangzhou.myqcloud.com/uploads/episode04/episode04-02.mp4',0,NULL,'2026-06-07 00:36:08','第2集.mp4','episode04-02.mp4','video/episode04/episode04-02.mp4','uploads/episode04/episode04-02.mp4'),(236,5,3,'第3集','https://short-drama-1308237976.cos.ap-guangzhou.myqcloud.com/uploads/episode04/episode04-03.mp4',0,NULL,'2026-06-07 00:36:08','第3集.mp4','episode04-03.mp4','video/episode04/episode04-03.mp4','uploads/episode04/episode04-03.mp4'),(237,5,4,'第4集','https://short-drama-1308237976.cos.ap-guangzhou.myqcloud.com/uploads/episode04/episode04-04.mp4',0,NULL,'2026-06-07 00:36:08','第4集.mp4','episode04-04.mp4','video/episode04/episode04-04.mp4','uploads/episode04/episode04-04.mp4'),(238,5,5,'第5集','https://short-drama-1308237976.cos.ap-guangzhou.myqcloud.com/uploads/episode04/episode04-05.mp4',0,NULL,'2026-06-07 00:36:08','第5集.mp4','episode04-05.mp4','video/episode04/episode04-05.mp4','uploads/episode04/episode04-05.mp4'),(239,5,6,'第6集','https://short-drama-1308237976.cos.ap-guangzhou.myqcloud.com/uploads/episode04/episode04-06.mp4',0,NULL,'2026-06-07 00:36:08','第6集.mp4','episode04-06.mp4','video/episode04/episode04-06.mp4','uploads/episode04/episode04-06.mp4'),(240,5,7,'第7集','https://short-drama-1308237976.cos.ap-guangzhou.myqcloud.com/uploads/episode04/episode04-07.mp4',0,NULL,'2026-06-07 00:36:08','第7集.mp4','episode04-07.mp4','video/episode04/episode04-07.mp4','uploads/episode04/episode04-07.mp4'),(241,5,8,'第8集','https://short-drama-1308237976.cos.ap-guangzhou.myqcloud.com/uploads/episode04/episode04-08.mp4',0,NULL,'2026-06-07 00:36:08','第8集.mp4','episode04-08.mp4','video/episode04/episode04-08.mp4','uploads/episode04/episode04-08.mp4'),(242,5,9,'第9集','https://short-drama-1308237976.cos.ap-guangzhou.myqcloud.com/uploads/episode04/episode04-09.mp4',0,NULL,'2026-06-07 00:36:08','第9集.mp4','episode04-09.mp4','video/episode04/episode04-09.mp4','uploads/episode04/episode04-09.mp4'),(243,5,10,'第10集','https://short-drama-1308237976.cos.ap-guangzhou.myqcloud.com/uploads/episode04/episode04-10.mp4',0,NULL,'2026-06-07 00:36:08','第10集.mp4','episode04-10.mp4','video/episode04/episode04-10.mp4','uploads/episode04/episode04-10.mp4'),(244,6,1,'第1集','https://short-drama-1308237976.cos.ap-guangzhou.myqcloud.com/uploads/episode05/episode05-01.mp4',0,NULL,'2026-06-07 00:36:08','第1集.mp4','episode05-01.mp4','video/episode05/episode05-01.mp4','uploads/episode05/episode05-01.mp4'),(245,6,2,'第2集','https://short-drama-1308237976.cos.ap-guangzhou.myqcloud.com/uploads/episode05/episode05-02.mp4',0,NULL,'2026-06-07 00:36:08','第2集.mp4','episode05-02.mp4','video/episode05/episode05-02.mp4','uploads/episode05/episode05-02.mp4'),(246,6,3,'第3集','https://short-drama-1308237976.cos.ap-guangzhou.myqcloud.com/uploads/episode05/episode05-03.mp4',0,NULL,'2026-06-07 00:36:08','第3集.mp4','episode05-03.mp4','video/episode05/episode05-03.mp4','uploads/episode05/episode05-03.mp4'),(247,6,4,'第4集','https://short-drama-1308237976.cos.ap-guangzhou.myqcloud.com/uploads/episode05/episode05-04.mp4',0,NULL,'2026-06-07 00:36:08','第4集.mp4','episode05-04.mp4','video/episode05/episode05-04.mp4','uploads/episode05/episode05-04.mp4'),(248,6,5,'第5集','https://short-drama-1308237976.cos.ap-guangzhou.myqcloud.com/uploads/episode05/episode05-05.mp4',0,NULL,'2026-06-07 00:36:08','第5集.mp4','episode05-05.mp4','video/episode05/episode05-05.mp4','uploads/episode05/episode05-05.mp4'),(249,6,6,'第6集','https://short-drama-1308237976.cos.ap-guangzhou.myqcloud.com/uploads/episode05/episode05-06.mp4',0,NULL,'2026-06-07 00:36:08','第6集.mp4','episode05-06.mp4','video/episode05/episode05-06.mp4','uploads/episode05/episode05-06.mp4'),(250,6,7,'第7集','https://short-drama-1308237976.cos.ap-guangzhou.myqcloud.com/uploads/episode05/episode05-07.mp4',0,NULL,'2026-06-07 00:36:08','第7集.mp4','episode05-07.mp4','video/episode05/episode05-07.mp4','uploads/episode05/episode05-07.mp4'),(251,6,8,'第8集','https://short-drama-1308237976.cos.ap-guangzhou.myqcloud.com/uploads/episode05/episode05-08.mp4',0,NULL,'2026-06-07 00:36:08','第8集.mp4','episode05-08.mp4','video/episode05/episode05-08.mp4','uploads/episode05/episode05-08.mp4'),(252,6,9,'第9集','https://short-drama-1308237976.cos.ap-guangzhou.myqcloud.com/uploads/episode05/episode05-09.mp4',0,NULL,'2026-06-07 00:36:08','第9集.mp4','episode05-09.mp4','video/episode05/episode05-09.mp4','uploads/episode05/episode05-09.mp4'),(253,6,10,'第10集','https://short-drama-1308237976.cos.ap-guangzhou.myqcloud.com/uploads/episode05/episode05-10.mp4',0,NULL,'2026-06-07 00:36:08','第10集.mp4','episode05-10.mp4','video/episode05/episode05-10.mp4','uploads/episode05/episode05-10.mp4'),(254,7,1,'第1集','https://short-drama-1308237976.cos.ap-guangzhou.myqcloud.com/uploads/episode06/episode06-01.mp4',0,NULL,'2026-06-07 00:36:08','第1集.mp4','episode06-01.mp4','video/episode06/episode06-01.mp4','uploads/episode06/episode06-01.mp4'),(255,7,2,'第2集','https://short-drama-1308237976.cos.ap-guangzhou.myqcloud.com/uploads/episode06/episode06-02.mp4',0,NULL,'2026-06-07 00:36:08','第2集.mp4','episode06-02.mp4','video/episode06/episode06-02.mp4','uploads/episode06/episode06-02.mp4'),(256,7,3,'第3集','https://short-drama-1308237976.cos.ap-guangzhou.myqcloud.com/uploads/episode06/episode06-03.mp4',0,NULL,'2026-06-07 00:36:08','第3集.mp4','episode06-03.mp4','video/episode06/episode06-03.mp4','uploads/episode06/episode06-03.mp4'),(257,7,4,'第4集','https://short-drama-1308237976.cos.ap-guangzhou.myqcloud.com/uploads/episode06/episode06-04.mp4',0,NULL,'2026-06-07 00:36:08','第4集.mp4','episode06-04.mp4','video/episode06/episode06-04.mp4','uploads/episode06/episode06-04.mp4'),(258,7,5,'第5集','https://short-drama-1308237976.cos.ap-guangzhou.myqcloud.com/uploads/episode06/episode06-05.mp4',0,NULL,'2026-06-07 00:36:08','第5集.mp4','episode06-05.mp4','video/episode06/episode06-05.mp4','uploads/episode06/episode06-05.mp4'),(259,7,6,'第6集','https://short-drama-1308237976.cos.ap-guangzhou.myqcloud.com/uploads/episode06/episode06-06.mp4',0,NULL,'2026-06-07 00:36:08','第6集.mp4','episode06-06.mp4','video/episode06/episode06-06.mp4','uploads/episode06/episode06-06.mp4'),(260,7,7,'第7集','https://short-drama-1308237976.cos.ap-guangzhou.myqcloud.com/uploads/episode06/episode06-07.mp4',0,NULL,'2026-06-07 00:36:08','第7集.mp4','episode06-07.mp4','video/episode06/episode06-07.mp4','uploads/episode06/episode06-07.mp4'),(261,7,8,'第8集','https://short-drama-1308237976.cos.ap-guangzhou.myqcloud.com/uploads/episode06/episode06-08.mp4',0,NULL,'2026-06-07 00:36:08','第8集.mp4','episode06-08.mp4','video/episode06/episode06-08.mp4','uploads/episode06/episode06-08.mp4'),(262,7,9,'第9集','https://short-drama-1308237976.cos.ap-guangzhou.myqcloud.com/uploads/episode06/episode06-09.mp4',0,NULL,'2026-06-07 00:36:08','第9集.mp4','episode06-09.mp4','video/episode06/episode06-09.mp4','uploads/episode06/episode06-09.mp4'),(263,7,10,'第10集','https://short-drama-1308237976.cos.ap-guangzhou.myqcloud.com/uploads/episode06/episode06-10.mp4',0,NULL,'2026-06-07 00:36:08','第10集.mp4','episode06-10.mp4','video/episode06/episode06-10.mp4','uploads/episode06/episode06-10.mp4'),(264,8,1,'第1集','https://short-drama-1308237976.cos.ap-guangzhou.myqcloud.com/uploads/episode07/episode07-01.mp4',0,NULL,'2026-06-07 00:36:08','第1集.mp4','episode07-01.mp4','video/episode07/episode07-01.mp4','uploads/episode07/episode07-01.mp4'),(265,8,2,'第2集','https://short-drama-1308237976.cos.ap-guangzhou.myqcloud.com/uploads/episode07/episode07-02.mp4',0,NULL,'2026-06-07 00:36:08','第2集.mp4','episode07-02.mp4','video/episode07/episode07-02.mp4','uploads/episode07/episode07-02.mp4'),(266,8,3,'第3集','https://short-drama-1308237976.cos.ap-guangzhou.myqcloud.com/uploads/episode07/episode07-03.mp4',0,NULL,'2026-06-07 00:36:08','第3集.mp4','episode07-03.mp4','video/episode07/episode07-03.mp4','uploads/episode07/episode07-03.mp4'),(267,8,4,'第4集','https://short-drama-1308237976.cos.ap-guangzhou.myqcloud.com/uploads/episode07/episode07-04.mp4',0,NULL,'2026-06-07 00:36:08','第4集.mp4','episode07-04.mp4','video/episode07/episode07-04.mp4','uploads/episode07/episode07-04.mp4'),(268,8,5,'第5集','https://short-drama-1308237976.cos.ap-guangzhou.myqcloud.com/uploads/episode07/episode07-05.mp4',0,NULL,'2026-06-07 00:36:08','第5集.mp4','episode07-05.mp4','video/episode07/episode07-05.mp4','uploads/episode07/episode07-05.mp4'),(269,8,6,'第6集','https://short-drama-1308237976.cos.ap-guangzhou.myqcloud.com/uploads/episode07/episode07-06.mp4',0,NULL,'2026-06-07 00:36:08','第6集.mp4','episode07-06.mp4','video/episode07/episode07-06.mp4','uploads/episode07/episode07-06.mp4'),(270,8,7,'第7集','https://short-drama-1308237976.cos.ap-guangzhou.myqcloud.com/uploads/episode07/episode07-07.mp4',0,NULL,'2026-06-07 00:36:08','第7集.mp4','episode07-07.mp4','video/episode07/episode07-07.mp4','uploads/episode07/episode07-07.mp4'),(271,8,8,'第8集','https://short-drama-1308237976.cos.ap-guangzhou.myqcloud.com/uploads/episode07/episode07-08.mp4',0,NULL,'2026-06-07 00:36:08','第8集.mp4','episode07-08.mp4','video/episode07/episode07-08.mp4','uploads/episode07/episode07-08.mp4'),(272,8,9,'第9集','https://short-drama-1308237976.cos.ap-guangzhou.myqcloud.com/uploads/episode07/episode07-09.mp4',0,NULL,'2026-06-07 00:36:08','第9集.mp4','episode07-09.mp4','video/episode07/episode07-09.mp4','uploads/episode07/episode07-09.mp4'),(273,8,10,'第10集','https://short-drama-1308237976.cos.ap-guangzhou.myqcloud.com/uploads/episode07/episode07-10.mp4',0,NULL,'2026-06-07 00:36:08','第10集.mp4','episode07-10.mp4','video/episode07/episode07-10.mp4','uploads/episode07/episode07-10.mp4'),(274,2,2,'第2集','https://short-drama-1308237976.cos.ap-guangzhou.myqcloud.com/uploads/episode08/episode08-02.mp4',0,NULL,'2026-06-07 00:36:08','第2集.mp4','episode08-02.mp4','video/episode08/episode08-02.mp4','uploads/episode08/episode08-02.mp4'),(275,2,3,'第3集','https://short-drama-1308237976.cos.ap-guangzhou.myqcloud.com/uploads/episode08/episode08-03.mp4',0,NULL,'2026-06-07 00:36:08','第3集.mp4','episode08-03.mp4','video/episode08/episode08-03.mp4','uploads/episode08/episode08-03.mp4'),(276,2,4,'第4集','https://short-drama-1308237976.cos.ap-guangzhou.myqcloud.com/uploads/episode08/episode08-04.mp4',0,NULL,'2026-06-07 00:36:08','第4集.mp4','episode08-04.mp4','video/episode08/episode08-04.mp4','uploads/episode08/episode08-04.mp4'),(277,2,5,'第5集','https://short-drama-1308237976.cos.ap-guangzhou.myqcloud.com/uploads/episode08/episode08-05.mp4',0,NULL,'2026-06-07 00:36:08','第5集.mp4','episode08-05.mp4','video/episode08/episode08-05.mp4','uploads/episode08/episode08-05.mp4'),(278,2,6,'第6集','https://short-drama-1308237976.cos.ap-guangzhou.myqcloud.com/uploads/episode08/episode08-06.mp4',0,NULL,'2026-06-07 00:36:08','第6集.mp4','episode08-06.mp4','video/episode08/episode08-06.mp4','uploads/episode08/episode08-06.mp4'),(279,2,7,'第7集','https://short-drama-1308237976.cos.ap-guangzhou.myqcloud.com/uploads/episode08/episode08-07.mp4',0,NULL,'2026-06-07 00:36:08','第7集.mp4','episode08-07.mp4','video/episode08/episode08-07.mp4','uploads/episode08/episode08-07.mp4'),(280,2,8,'第8集','https://short-drama-1308237976.cos.ap-guangzhou.myqcloud.com/uploads/episode08/episode08-08.mp4',0,NULL,'2026-06-07 00:36:08','第8集.mp4','episode08-08.mp4','video/episode08/episode08-08.mp4','uploads/episode08/episode08-08.mp4'),(281,2,9,'第9集','https://short-drama-1308237976.cos.ap-guangzhou.myqcloud.com/uploads/episode08/episode08-09.mp4',0,NULL,'2026-06-07 00:36:08','第9集.mp4','episode08-09.mp4','video/episode08/episode08-09.mp4','uploads/episode08/episode08-09.mp4'),(282,2,10,'第10集','https://short-drama-1308237976.cos.ap-guangzhou.myqcloud.com/uploads/episode08/episode08-10.mp4',0,NULL,'2026-06-07 00:36:08','第10集.mp4','episode08-10.mp4','video/episode08/episode08-10.mp4','uploads/episode08/episode08-10.mp4'),(283,9,1,'第1集','https://short-drama-1308237976.cos.ap-guangzhou.myqcloud.com/uploads/episode09/episode09-01.mp4',0,NULL,'2026-06-07 00:36:08','第1集.mp4','episode09-01.mp4','video/episode09/episode09-01.mp4','uploads/episode09/episode09-01.mp4'),(284,9,2,'第2集','https://short-drama-1308237976.cos.ap-guangzhou.myqcloud.com/uploads/episode09/episode09-02.mp4',0,NULL,'2026-06-07 00:36:08','第2集.mp4','episode09-02.mp4','video/episode09/episode09-02.mp4','uploads/episode09/episode09-02.mp4'),(285,9,3,'第3集','https://short-drama-1308237976.cos.ap-guangzhou.myqcloud.com/uploads/episode09/episode09-03.mp4',0,NULL,'2026-06-07 00:36:08','第3集.mp4','episode09-03.mp4','video/episode09/episode09-03.mp4','uploads/episode09/episode09-03.mp4'),(286,9,4,'第4集','https://short-drama-1308237976.cos.ap-guangzhou.myqcloud.com/uploads/episode09/episode09-04.mp4',0,NULL,'2026-06-07 00:36:08','第4集.mp4','episode09-04.mp4','video/episode09/episode09-04.mp4','uploads/episode09/episode09-04.mp4'),(287,9,5,'第5集','https://short-drama-1308237976.cos.ap-guangzhou.myqcloud.com/uploads/episode09/episode09-05.mp4',0,NULL,'2026-06-07 00:36:08','第5集.mp4','episode09-05.mp4','video/episode09/episode09-05.mp4','uploads/episode09/episode09-05.mp4'),(288,9,6,'第6集','https://short-drama-1308237976.cos.ap-guangzhou.myqcloud.com/uploads/episode09/episode09-06.mp4',0,NULL,'2026-06-07 00:36:08','第6集.mp4','episode09-06.mp4','video/episode09/episode09-06.mp4','uploads/episode09/episode09-06.mp4'),(289,9,7,'第7集','https://short-drama-1308237976.cos.ap-guangzhou.myqcloud.com/uploads/episode09/episode09-07.mp4',0,NULL,'2026-06-07 00:36:08','第7集.mp4','episode09-07.mp4','video/episode09/episode09-07.mp4','uploads/episode09/episode09-07.mp4'),(290,9,8,'第8集','https://short-drama-1308237976.cos.ap-guangzhou.myqcloud.com/uploads/episode09/episode09-08.mp4',0,NULL,'2026-06-07 00:36:08','第8集.mp4','episode09-08.mp4','video/episode09/episode09-08.mp4','uploads/episode09/episode09-08.mp4'),(291,9,9,'第9集','https://short-drama-1308237976.cos.ap-guangzhou.myqcloud.com/uploads/episode09/episode09-09.mp4',0,NULL,'2026-06-07 00:36:08','第9集.mp4','episode09-09.mp4','video/episode09/episode09-09.mp4','uploads/episode09/episode09-09.mp4'),(292,9,10,'第10集','https://short-drama-1308237976.cos.ap-guangzhou.myqcloud.com/uploads/episode09/episode09-10.mp4',0,NULL,'2026-06-07 00:36:08','第10集.mp4','episode09-10.mp4','video/episode09/episode09-10.mp4','uploads/episode09/episode09-10.mp4'),(293,10,1,'第1集','https://short-drama-1308237976.cos.ap-guangzhou.myqcloud.com/uploads/episode10/episode10-01.mp4',0,NULL,'2026-06-07 00:36:08','第1集.mp4','episode10-01.mp4','video/episode10/episode10-01.mp4','uploads/episode10/episode10-01.mp4'),(294,10,2,'第2集','https://short-drama-1308237976.cos.ap-guangzhou.myqcloud.com/uploads/episode10/episode10-02.mp4',0,NULL,'2026-06-07 00:36:08','第2集.mp4','episode10-02.mp4','video/episode10/episode10-02.mp4','uploads/episode10/episode10-02.mp4'),(295,10,3,'第3集','https://short-drama-1308237976.cos.ap-guangzhou.myqcloud.com/uploads/episode10/episode10-03.mp4',0,NULL,'2026-06-07 00:36:08','第3集.mp4','episode10-03.mp4','video/episode10/episode10-03.mp4','uploads/episode10/episode10-03.mp4'),(296,10,4,'第4集','https://short-drama-1308237976.cos.ap-guangzhou.myqcloud.com/uploads/episode10/episode10-04.mp4',0,NULL,'2026-06-07 00:36:08','第4集.mp4','episode10-04.mp4','video/episode10/episode10-04.mp4','uploads/episode10/episode10-04.mp4'),(297,10,5,'第5集','https://short-drama-1308237976.cos.ap-guangzhou.myqcloud.com/uploads/episode10/episode10-05.mp4',0,NULL,'2026-06-07 00:36:08','第5集.mp4','episode10-05.mp4','video/episode10/episode10-05.mp4','uploads/episode10/episode10-05.mp4'),(298,10,6,'第6集','https://short-drama-1308237976.cos.ap-guangzhou.myqcloud.com/uploads/episode10/episode10-06.mp4',0,NULL,'2026-06-07 00:36:08','第6集.mp4','episode10-06.mp4','video/episode10/episode10-06.mp4','uploads/episode10/episode10-06.mp4'),(299,10,7,'第7集','https://short-drama-1308237976.cos.ap-guangzhou.myqcloud.com/uploads/episode10/episode10-07.mp4',0,NULL,'2026-06-07 00:36:08','第7集.mp4','episode10-07.mp4','video/episode10/episode10-07.mp4','uploads/episode10/episode10-07.mp4'),(300,10,8,'第8集','https://short-drama-1308237976.cos.ap-guangzhou.myqcloud.com/uploads/episode10/episode10-08.mp4',0,NULL,'2026-06-07 00:36:08','第8集.mp4','episode10-08.mp4','video/episode10/episode10-08.mp4','uploads/episode10/episode10-08.mp4'),(301,10,9,'第9集','https://short-drama-1308237976.cos.ap-guangzhou.myqcloud.com/uploads/episode10/episode10-09.mp4',0,NULL,'2026-06-07 00:36:08','第9集.mp4','episode10-09.mp4','video/episode10/episode10-09.mp4','uploads/episode10/episode10-09.mp4'),(302,10,10,'第10集','https://short-drama-1308237976.cos.ap-guangzhou.myqcloud.com/uploads/episode10/episode10-10.mp4',0,NULL,'2026-06-07 00:36:08','第10集.mp4','episode10-10.mp4','video/episode10/episode10-10.mp4','uploads/episode10/episode10-10.mp4');
/*!40000 ALTER TABLE `episode` ENABLE KEYS */;
UNLOCK TABLES;

--
-- Table structure for table `drama_social_action`
--

DROP TABLE IF EXISTS `drama_social_action`;
/*!40101 SET @saved_cs_client     = @@character_set_client */;
/*!50503 SET character_set_client = utf8mb4 */;
CREATE TABLE `drama_social_action` (
  `id` bigint NOT NULL AUTO_INCREMENT,
  `user_id` bigint NOT NULL,
  `drama_id` bigint NOT NULL,
  `action_type` varchar(16) CHARACTER SET utf8mb4 COLLATE utf8mb4_unicode_ci NOT NULL,
  `create_time` datetime DEFAULT CURRENT_TIMESTAMP,
  `update_time` datetime DEFAULT CURRENT_TIMESTAMP ON UPDATE CURRENT_TIMESTAMP,
  PRIMARY KEY (`id`),
  UNIQUE KEY `uk_user_drama_action` (`user_id`,`drama_id`,`action_type`),
  KEY `idx_drama_action` (`drama_id`,`action_type`)
) ENGINE=InnoDB DEFAULT CHARSET=utf8mb4 COLLATE=utf8mb4_unicode_ci;
/*!40101 SET character_set_client = @saved_cs_client */;

--
-- Table structure for table `drama_comment`
--

DROP TABLE IF EXISTS `drama_comment`;
/*!40101 SET @saved_cs_client     = @@character_set_client */;
/*!50503 SET character_set_client = utf8mb4 */;
CREATE TABLE `drama_comment` (
  `id` bigint NOT NULL AUTO_INCREMENT,
  `drama_id` bigint NOT NULL,
  `user_id` bigint DEFAULT NULL,
  `device_id` varchar(64) CHARACTER SET utf8mb4 COLLATE utf8mb4_unicode_ci DEFAULT NULL,
  `nickname` varchar(64) CHARACTER SET utf8mb4 COLLATE utf8mb4_unicode_ci DEFAULT NULL,
  `content` text CHARACTER SET utf8mb4 COLLATE utf8mb4_unicode_ci NOT NULL,
  `client_comment_id` varchar(64) CHARACTER SET utf8mb4 COLLATE utf8mb4_unicode_ci DEFAULT NULL,
  `create_time` datetime DEFAULT CURRENT_TIMESTAMP,
  PRIMARY KEY (`id`),
  UNIQUE KEY `uk_user_client_comment` (`user_id`,`client_comment_id`),
  KEY `idx_drama_time` (`drama_id`,`create_time`)
) ENGINE=InnoDB DEFAULT CHARSET=utf8mb4 COLLATE=utf8mb4_unicode_ci;
/*!40101 SET character_set_client = @saved_cs_client */;

--
-- Table structure for table `episode_danmaku`
--

DROP TABLE IF EXISTS `episode_danmaku`;
/*!40101 SET @saved_cs_client     = @@character_set_client */;
/*!50503 SET character_set_client = utf8mb4 */;
CREATE TABLE `episode_danmaku` (
  `id` bigint NOT NULL AUTO_INCREMENT,
  `drama_id` bigint DEFAULT NULL,
  `episode_id` bigint NOT NULL,
  `user_id` bigint DEFAULT NULL,
  `device_id` varchar(64) CHARACTER SET utf8mb4 COLLATE utf8mb4_unicode_ci DEFAULT NULL,
  `nickname` varchar(64) CHARACTER SET utf8mb4 COLLATE utf8mb4_unicode_ci DEFAULT NULL,
  `content` varchar(120) CHARACTER SET utf8mb4 COLLATE utf8mb4_unicode_ci NOT NULL,
  `current_time` decimal(10,3) DEFAULT '0.000',
  `client_danmaku_id` varchar(64) CHARACTER SET utf8mb4 COLLATE utf8mb4_unicode_ci DEFAULT NULL,
  `create_time` datetime DEFAULT CURRENT_TIMESTAMP,
  PRIMARY KEY (`id`),
  UNIQUE KEY `uk_user_client_danmaku` (`user_id`,`client_danmaku_id`),
  KEY `idx_episode_time` (`episode_id`,`current_time`)
) ENGINE=InnoDB DEFAULT CHARSET=utf8mb4 COLLATE=utf8mb4_unicode_ci;
/*!40101 SET character_set_client = @saved_cs_client */;

--
-- Table structure for table `highlight`
--

DROP TABLE IF EXISTS `highlight`;
/*!40101 SET @saved_cs_client     = @@character_set_client */;
/*!50503 SET character_set_client = utf8mb4 */;
CREATE TABLE `highlight` (
  `id` bigint NOT NULL AUTO_INCREMENT,
  `drama_id` bigint NOT NULL,
  `episode_id` bigint NOT NULL,
  `start_time` int NOT NULL COMMENT '秒',
  `end_time` int NOT NULL COMMENT '秒',
  `highlight_type` varchar(32) CHARACTER SET utf8mb4 COLLATE utf8mb4_unicode_ci NOT NULL,
  `title` varchar(128) CHARACTER SET utf8mb4 COLLATE utf8mb4_unicode_ci DEFAULT NULL,
  `description` text CHARACTER SET utf8mb4 COLLATE utf8mb4_unicode_ci,
  `trigger_once` tinyint DEFAULT '1',
  `interaction_config` json DEFAULT NULL,
  `source` varchar(32) CHARACTER SET utf8mb4 COLLATE utf8mb4_unicode_ci DEFAULT 'manual',
  `confidence` decimal(5,4) DEFAULT '1.0000',
  `create_time` datetime DEFAULT CURRENT_TIMESTAMP,
  PRIMARY KEY (`id`),
  KEY `idx_ep` (`episode_id`)
) ENGINE=InnoDB AUTO_INCREMENT=1022 DEFAULT CHARSET=utf8mb4 COLLATE=utf8mb4_unicode_ci;
/*!40101 SET character_set_client = @saved_cs_client */;

--
-- Dumping data for table `highlight`
--

LOCK TABLES `highlight` WRITE;
/*!40000 ALTER TABLE `highlight` DISABLE KEYS */;
INSERT INTO `highlight` VALUES (1010,3,205,52,57,'COOL','正能量爽点','片段中主角自掏腰包卖房凑齐拖欠的工程款给工人发薪，属于强正向爽点，适合叠加夸赞类高光弹幕，完全不影响主线剧情推进',1,'{\"buttons\": [{\"label\": \"情节反差太爽了！\", \"effect\": \"bubble\", \"optionCode\": \"cool\"}], \"componentType\": \"emotion_button\"}','rag',0.9000,'2026-06-07 13:46:52'),(1011,3,204,124,128,'FAMOUS','名场面','该片段两名男子本想劝说女子，结果劝说全起了反作用属于强反差搞笑情绪点，适合叠加名场面弹幕特效，全程仅做覆盖展示不会改动主线剧情',1,'{\"buttons\": [{\"label\": \"名场面\", \"effect\": \"bubble\", \"optionCode\": \"funny\"}], \"componentType\": \"emotion_button\"}','rag',0.8500,'2026-06-07 13:46:52'),(1012,3,217,83,89,'COOL','爽点打脸','小三和渣男以为正主已死，但是正主直接开门捉奸逮个正着，这个剧情反转非常爽，适合叠加高光弹幕特效增强观众的情绪体验，同时该互动设置不会对后续剧情发展造成任何影响',1,'{\"buttons\": [{\"label\": \"爽\", \"effect\": \"bubble\", \"optionCode\": \"cool\"}], \"componentType\": \"emotion_button\"}','rag',0.9000,'2026-06-07 13:46:52'),(1013,3,218,12,16,'FUNNY','搞笑社死名场面','片段中家政阿姨推门撞见屋内男女亲热、拖把惊得掉落的场景属于强搞笑社死情绪点，适合叠加对应弹幕特效，仅做覆盖展示不会改动主线剧情',1,'{\"buttons\": [{\"label\": \"大型社死现场\", \"effect\": \"bubble\", \"optionCode\": \"funny\"}], \"componentType\": \"emotion_button\"}','rag',0.7800,'2026-06-07 13:46:52'),(1014,3,218,132,140,'FUNNY','反差搞笑','在严肃的环境下，两个黑衣男子一边讲述逝者的遗言内容，一边却表现出激动到仰头大笑的反差情绪，适合叠加搞笑弹幕特效增强反差效果，同时该互动设置不会对后续剧情发展造成任何影响',1,'{\"buttons\": [{\"label\": \"笑出鹅叫\", \"effect\": \"bubble\", \"optionCode\": \"funny\"}], \"componentType\": \"emotion_button\"}','rag',0.9000,'2026-06-07 13:46:52'),(1015,3,218,181,185,'FUNNY','搞笑打脸反差名场面','该片段呈现男子狂笑时被同伴突然扇巴掌，表情瞬间从大笑转为错愕的强反差搞笑打脸名场面，适合叠加搞笑类弹幕特效增强观看体验，不会改动主线剧情',1,'{\"buttons\": [{\"label\": \"笑不活了\", \"effect\": \"bubble\", \"optionCode\": \"funny\"}], \"componentType\": \"emotion_button\"}','rag',0.9000,'2026-06-07 13:46:52'),(1016,3,219,14,20,'COOL','极端嚣张震惊爽点','该片段中惩戒渣男渣女，属于强情绪爽点，适合叠加弹幕特效，全程仅做覆盖展示，不会改动主线剧情',1,'{\"buttons\": [{\"label\": \"这也太无法无天了\", \"effect\": \"bubble\", \"optionCode\": \"cool\"}], \"componentType\": \"emotion_button\"}','rag',0.8500,'2026-06-07 13:46:52'),(1017,3,219,95,110,'COOL','打脸爽点，家属痛斥背叛逝者的恶人，情绪极度解气','该片段属于强情绪的家属怒斥恶人的打脸爽点，适合叠加吐槽类高光弹幕，仅做覆盖展示不会改动主线剧情',1,'{\"buttons\": [{\"label\": \"太解气了骂得好\", \"effect\": \"bubble\", \"optionCode\": \"cool\"}], \"componentType\": \"emotion_button\"}','rag',0.8000,'2026-06-07 13:46:52'),(1018,3,223,78,82,'COOL','怼势利保安爽点','该片段中访客出言嘲讽态度傲慢的势利保安，怼人情节爽快，适合叠加爽感弹幕特效放大情绪，全程仅做覆盖展示不会改动主线剧情',1,'{\"buttons\": [{\"label\": \"太刚了\", \"effect\": \"bubble\", \"optionCode\": \"cool\"}], \"componentType\": \"emotion_button\"}','rag',0.8500,'2026-06-07 13:46:52'),(1019,3,223,142,149,'FUNNY','反差，在紧急追人的时候，摩托车发动不了，观众会觉得好笑，适合设置一个搞笑的高光弹幕','当前片段中角色明确即将启动摩托车追赶逃跑人员，但是迎来巨大反差，摩托车发动不了，导致追赶受阻，这一反差点具有较强的喜剧效果，适合设置一个搞笑的高光弹幕来放大这一情绪，同时该片段也存在明确的动作目标（启动摩托车追人），用户操作可以增强这一动作目标的表现，且增强内容不会改变原片主线剧情走向，符合高光弹幕的设置要求',1,'{\"buttons\": [{\"label\": \"笑出鹅叫\", \"effect\": \"bubble\", \"optionCode\": \"funny\"}], \"componentType\": \"emotion_button\"}','rag',0.9000,'2026-06-07 13:46:52'),(1020,3,204,72,90,'BRANCH','是否停下救人','72s 弹出选择；选择不管女孩离开时播放 b-demo 试错分支，失败后回到 72s 重新选择；选择叫上伙伴救人则继续原片主线。',0,'{\"options\": [{\"label\": \"叫上伙伴去救要跳河的女孩\", \"isCorrect\": true, \"retryTime\": null, \"optionCode\": \"team\", \"resumeTime\": null, \"generationId\": null, \"branchOutcome\": \"MAINLINE\", \"generationMode\": null}, {\"label\": \"不管女孩直接骑摩托离开\", \"failText\": \"\", \"isCorrect\": false, \"retryTime\": 72, \"optionCode\": \"alone\", \"resumeTime\": 72, \"generationId\": 1, \"branchOutcome\": \"TRIAL\", \"generationMode\": \"PREGEN\"}], \"branchMode\": \"trial_and_error\", \"componentType\": \"branch_choice\", \"branchPointTime\": 72}','manual',1.0000,'2026-06-07 23:59:05'),(1021,3,223,150,163,'ACTION','给他打火','150s 自动播放 a-demo 动作互动；动作视频第 1.5 秒暂停显示“点击给他打火”，点击后继续；第 6 秒暂停显示“加速追捕”，点击后 2x 继续追捕，播完回到 163s 继续主线。',1,'{\"label\": \"点击给他打火\", \"optionCode\": \"ignite_fire\", \"resumeTime\": 163, \"autoStart\": true, \"startMode\": \"AUTO\", \"actionPrompt\": {\"label\": \"点击给他打火\", \"optionCode\": \"ignite_fire\", \"showAt\": 1.5, \"pauseUntilClick\": true}, \"speedBoost\": {\"rate\": 2, \"label\": \"加速追捕\", \"showAt\": 6, \"autoHideMs\": 0, \"dismissible\": false, \"pauseUntilClick\": true}, \"userAction\": \"点击给他打火\", \"actionLabel\": \"点击给他打火\", \"generationId\": 2, \"componentType\": \"action_button\", \"generationMode\": \"PREGEN\"}','manual',1.0000,'2026-06-08 00:19:00');
/*!40000 ALTER TABLE `highlight` ENABLE KEYS */;
UNLOCK TABLES;

--
-- Table structure for table `highlight_stat`
--

DROP TABLE IF EXISTS `highlight_stat`;
/*!40101 SET @saved_cs_client     = @@character_set_client */;
/*!50503 SET character_set_client = utf8mb4 */;
CREATE TABLE `highlight_stat` (
  `id` bigint NOT NULL AUTO_INCREMENT,
  `highlight_id` bigint NOT NULL,
  `option_code` varchar(64) CHARACTER SET utf8mb4 COLLATE utf8mb4_unicode_ci NOT NULL,
  `label` varchar(64) CHARACTER SET utf8mb4 COLLATE utf8mb4_unicode_ci DEFAULT NULL,
  `count` int DEFAULT '0',
  `update_time` datetime DEFAULT CURRENT_TIMESTAMP ON UPDATE CURRENT_TIMESTAMP,
  PRIMARY KEY (`id`),
  UNIQUE KEY `uk_hl_opt` (`highlight_id`,`option_code`)
) ENGINE=InnoDB AUTO_INCREMENT=4 DEFAULT CHARSET=utf8mb4 COLLATE=utf8mb4_unicode_ci;
/*!40101 SET character_set_client = @saved_cs_client */;

--
-- Dumping data for table `highlight_stat`
--

LOCK TABLES `highlight_stat` WRITE;
/*!40000 ALTER TABLE `highlight_stat` DISABLE KEYS */;
INSERT INTO `highlight_stat` VALUES (1,1010,'cool','情节反差太爽了！',31,'2026-06-08 11:47:29'),(2,1011,'funny','名场面',7,'2026-06-07 14:40:14'),(3,1019,'funny','笑出鹅叫',36,'2026-06-08 11:13:46');
/*!40000 ALTER TABLE `highlight_stat` ENABLE KEYS */;
UNLOCK TABLES;

--
-- Table structure for table `interaction`
--

DROP TABLE IF EXISTS `interaction`;
/*!40101 SET @saved_cs_client     = @@character_set_client */;
/*!50503 SET character_set_client = utf8mb4 */;
CREATE TABLE `interaction` (
  `id` bigint NOT NULL AUTO_INCREMENT,
  `device_id` varchar(64) CHARACTER SET utf8mb4 COLLATE utf8mb4_unicode_ci NOT NULL,
  `user_id` bigint DEFAULT NULL,
  `drama_id` bigint DEFAULT NULL,
  `episode_id` bigint DEFAULT NULL,
  `highlight_id` bigint NOT NULL,
  `interaction_type` varchar(32) CHARACTER SET utf8mb4 COLLATE utf8mb4_unicode_ci NOT NULL,
  `option_code` varchar(64) CHARACTER SET utf8mb4 COLLATE utf8mb4_unicode_ci DEFAULT NULL,
  `content` text CHARACTER SET utf8mb4 COLLATE utf8mb4_unicode_ci,
  `create_time` datetime DEFAULT CURRENT_TIMESTAMP,
  PRIMARY KEY (`id`),
  KEY `idx_hl` (`highlight_id`),
  KEY `idx_interaction_user` (`user_id`)
) ENGINE=InnoDB AUTO_INCREMENT=75 DEFAULT CHARSET=utf8mb4 COLLATE=utf8mb4_unicode_ci;
/*!40101 SET character_set_client = @saved_cs_client */;

--
-- Dumping data for table `interaction`
--

LOCK TABLES `interaction` WRITE;
/*!40000 ALTER TABLE `interaction` DISABLE KEYS */;
INSERT INTO `interaction` (`id`,`device_id`,`drama_id`,`episode_id`,`highlight_id`,`interaction_type`,`option_code`,`content`,`create_time`) VALUES (1,'dev-1780802345098-ukdsvk',NULL,205,1010,'click','cool',NULL,'2026-06-07 14:38:43'),(2,'dev-1780802345098-ukdsvk',NULL,205,1010,'click','cool',NULL,'2026-06-07 14:38:44'),(3,'dev-1780802345098-ukdsvk',NULL,205,1010,'click','cool',NULL,'2026-06-07 14:38:44'),(4,'dev-1780802345098-ukdsvk',NULL,205,1010,'click','cool',NULL,'2026-06-07 14:38:44'),(5,'dev-1780802345098-ukdsvk',NULL,205,1010,'click','cool',NULL,'2026-06-07 14:38:44'),(6,'dev-1780802345098-ukdsvk',NULL,205,1010,'click','cool',NULL,'2026-06-07 14:38:44'),(7,'dev-1780802345098-ukdsvk',NULL,205,1010,'click','cool',NULL,'2026-06-07 14:38:44'),(8,'dev-1780802345098-ukdsvk',NULL,205,1010,'click','cool',NULL,'2026-06-07 14:38:45'),(9,'dev-1780802345098-ukdsvk',NULL,205,1010,'click','cool',NULL,'2026-06-07 14:38:45'),(10,'dev-1780802345098-ukdsvk',NULL,205,1010,'click','cool',NULL,'2026-06-07 14:38:45'),(11,'dev-1780802345098-ukdsvk',NULL,205,1010,'click','cool',NULL,'2026-06-07 14:38:45'),(12,'dev-1780802345098-ukdsvk',NULL,204,1011,'click','funny',NULL,'2026-06-07 14:40:12'),(13,'dev-1780802345098-ukdsvk',NULL,204,1011,'click','funny',NULL,'2026-06-07 14:40:13'),(14,'dev-1780802345098-ukdsvk',NULL,204,1011,'click','funny',NULL,'2026-06-07 14:40:13'),(15,'dev-1780802345098-ukdsvk',NULL,204,1011,'click','funny',NULL,'2026-06-07 14:40:13'),(16,'dev-1780802345098-ukdsvk',NULL,204,1011,'click','funny',NULL,'2026-06-07 14:40:13'),(17,'dev-1780802345098-ukdsvk',NULL,204,1011,'click','funny',NULL,'2026-06-07 14:40:13'),(18,'dev-1780802345098-ukdsvk',NULL,204,1011,'click','funny',NULL,'2026-06-07 14:40:14'),(19,'dev-1780802345098-ukdsvk',NULL,223,1019,'click','funny',NULL,'2026-06-08 00:23:55'),(20,'dev-1780802345098-ukdsvk',NULL,223,1019,'click','funny',NULL,'2026-06-08 00:23:55'),(21,'dev-1780802345098-ukdsvk',NULL,223,1019,'click','funny',NULL,'2026-06-08 00:23:56'),(22,'dev-1780802345098-ukdsvk',NULL,223,1019,'click','funny',NULL,'2026-06-08 00:23:56'),(23,'dev-1780802345098-ukdsvk',NULL,223,1019,'click','funny',NULL,'2026-06-08 00:23:56'),(24,'dev-1780802345098-ukdsvk',NULL,223,1019,'click','funny',NULL,'2026-06-08 00:23:56'),(25,'dev-1780849537024-jrr55j',NULL,223,1019,'click','funny',NULL,'2026-06-08 00:26:08'),(26,'dev-1780849537024-jrr55j',NULL,223,1019,'click','funny',NULL,'2026-06-08 00:26:08'),(27,'dev-1780849537024-jrr55j',NULL,223,1019,'click','funny',NULL,'2026-06-08 00:26:08'),(28,'dev-1780849537024-jrr55j',NULL,223,1019,'click','funny',NULL,'2026-06-08 00:26:08'),(29,'dev-1780849537024-jrr55j',NULL,223,1019,'click','funny',NULL,'2026-06-08 00:26:09'),(30,'dev-1780849537024-jrr55j',NULL,223,1019,'click','funny',NULL,'2026-06-08 00:26:09'),(31,'dev-1780849910136-r5fryf',NULL,223,1019,'click','funny',NULL,'2026-06-08 00:32:52'),(32,'dev-1780849910136-r5fryf',NULL,223,1019,'click','funny',NULL,'2026-06-08 00:32:52'),(33,'dev-1780849910136-r5fryf',NULL,223,1019,'click','funny',NULL,'2026-06-08 00:32:53'),(34,'dev-1780849910136-r5fryf',NULL,223,1019,'click','funny',NULL,'2026-06-08 00:32:53'),(35,'dev-1780849910136-r5fryf',NULL,223,1019,'click','funny',NULL,'2026-06-08 00:32:53'),(36,'dev-1780849910136-r5fryf',NULL,223,1019,'click','funny',NULL,'2026-06-08 00:32:53'),(37,'dev-1780849910136-r5fryf',NULL,223,1019,'click','funny',NULL,'2026-06-08 00:32:54'),(38,'dev-1780849910136-r5fryf',NULL,223,1019,'click','funny',NULL,'2026-06-08 00:32:54'),(39,'dev-1780849910136-r5fryf',NULL,223,1019,'click','funny',NULL,'2026-06-08 00:32:54'),(40,'dev-1780849910136-r5fryf',NULL,223,1019,'click','funny',NULL,'2026-06-08 00:32:56'),(41,'dev-1780849910136-r5fryf',NULL,223,1019,'click','funny',NULL,'2026-06-08 00:32:56'),(42,'dev-1780849910136-r5fryf',NULL,223,1019,'click','funny',NULL,'2026-06-08 00:33:02'),(43,'dev-1780849910136-r5fryf',NULL,223,1019,'click','funny',NULL,'2026-06-08 00:33:03'),(44,'dev-1780849910136-r5fryf',NULL,223,1019,'click','funny',NULL,'2026-06-08 00:33:03'),(45,'dev-1780849910136-r5fryf',NULL,223,1019,'click','funny',NULL,'2026-06-08 00:33:03'),(46,'dev-1780849910136-r5fryf',NULL,223,1019,'click','funny',NULL,'2026-06-08 00:33:04'),(47,'dev-1780849910136-r5fryf',NULL,223,1019,'click','funny',NULL,'2026-06-08 00:33:04'),(48,'dev-1780849910136-r5fryf',NULL,223,1019,'click','funny',NULL,'2026-06-08 00:37:17'),(49,'dev-1780849910136-r5fryf',NULL,223,1019,'click','funny',NULL,'2026-06-08 00:37:17'),(50,'dev-1780849910136-r5fryf',NULL,223,1019,'click','funny',NULL,'2026-06-08 00:37:17'),(51,'dev-1780849910136-r5fryf',NULL,223,1019,'click','funny',NULL,'2026-06-08 00:37:17'),(52,'dev-1780849910136-r5fryf',NULL,223,1019,'click','funny',NULL,'2026-06-08 00:37:18'),(53,'dev-1780849910136-r5fryf',NULL,223,1019,'click','funny',NULL,'2026-06-08 11:13:42'),(54,'dev-1780849910136-r5fryf',NULL,223,1019,'click','funny',NULL,'2026-06-08 11:13:46'),(55,'dev-1780849910136-r5fryf',NULL,205,1010,'click','cool',NULL,'2026-06-08 11:31:57'),(56,'dev-1780849910136-r5fryf',NULL,205,1010,'click','cool',NULL,'2026-06-08 11:31:58'),(57,'dev-1780849910136-r5fryf',NULL,205,1010,'click','cool',NULL,'2026-06-08 11:31:58'),(58,'dev-1780849910136-r5fryf',NULL,205,1010,'click','cool',NULL,'2026-06-08 11:31:58'),(59,'dev-1780849910136-r5fryf',NULL,205,1010,'click','cool',NULL,'2026-06-08 11:31:58'),(60,'dev-1780849910136-r5fryf',NULL,205,1010,'click','cool',NULL,'2026-06-08 11:31:58'),(61,'dev-1780849910136-r5fryf',NULL,205,1010,'click','cool',NULL,'2026-06-08 11:31:59'),(62,'dev-1780849910136-r5fryf',NULL,205,1010,'click','cool',NULL,'2026-06-08 11:31:59'),(63,'dev-1780849910136-r5fryf',NULL,205,1010,'click','cool',NULL,'2026-06-08 11:47:27'),(64,'dev-1780849910136-r5fryf',NULL,205,1010,'click','cool',NULL,'2026-06-08 11:47:27'),(65,'dev-1780849910136-r5fryf',NULL,205,1010,'click','cool',NULL,'2026-06-08 11:47:27'),(66,'dev-1780849910136-r5fryf',NULL,205,1010,'click','cool',NULL,'2026-06-08 11:47:27'),(67,'dev-1780849910136-r5fryf',NULL,205,1010,'click','cool',NULL,'2026-06-08 11:47:27'),(68,'dev-1780849910136-r5fryf',NULL,205,1010,'click','cool',NULL,'2026-06-08 11:47:28'),(69,'dev-1780849910136-r5fryf',NULL,205,1010,'click','cool',NULL,'2026-06-08 11:47:28'),(70,'dev-1780849910136-r5fryf',NULL,205,1010,'click','cool',NULL,'2026-06-08 11:47:28'),(71,'dev-1780849910136-r5fryf',NULL,205,1010,'click','cool',NULL,'2026-06-08 11:47:28'),(72,'dev-1780849910136-r5fryf',NULL,205,1010,'click','cool',NULL,'2026-06-08 11:47:28'),(73,'dev-1780849910136-r5fryf',NULL,205,1010,'click','cool',NULL,'2026-06-08 11:47:28'),(74,'dev-1780849910136-r5fryf',NULL,205,1010,'click','cool',NULL,'2026-06-08 11:47:29');
/*!40000 ALTER TABLE `interaction` ENABLE KEYS */;
UNLOCK TABLES;

--
-- Table structure for table `upload_batch`
--

DROP TABLE IF EXISTS `upload_batch`;
/*!40101 SET @saved_cs_client     = @@character_set_client */;
/*!50503 SET character_set_client = utf8mb4 */;
CREATE TABLE `upload_batch` (
  `id` bigint NOT NULL AUTO_INCREMENT,
  `drama_id` bigint DEFAULT NULL,
  `user_id` bigint DEFAULT NULL,
  `drama_title` varchar(128) CHARACTER SET utf8mb4 COLLATE utf8mb4_unicode_ci NOT NULL,
  `status` varchar(32) CHARACTER SET utf8mb4 COLLATE utf8mb4_unicode_ci DEFAULT 'CREATED',
  `file_count` int DEFAULT '0',
  `task_id` bigint DEFAULT NULL,
  `create_time` datetime DEFAULT CURRENT_TIMESTAMP,
  `update_time` datetime DEFAULT CURRENT_TIMESTAMP ON UPDATE CURRENT_TIMESTAMP,
  `rag_status` varchar(32) CHARACTER SET utf8mb4 COLLATE utf8mb4_unicode_ci DEFAULT 'WAITING_UPLOAD',
  `rag_task_id` bigint DEFAULT NULL,
  `rag_message` varchar(512) CHARACTER SET utf8mb4 COLLATE utf8mb4_unicode_ci DEFAULT NULL,
  `rag_update_time` datetime DEFAULT NULL,
  PRIMARY KEY (`id`),
  KEY `idx_drama` (`drama_id`),
  KEY `idx_upload_batch_user` (`user_id`)
) ENGINE=InnoDB AUTO_INCREMENT=64 DEFAULT CHARSET=utf8mb4 COLLATE=utf8mb4_unicode_ci;
/*!40101 SET character_set_client = @saved_cs_client */;

--
-- Dumping data for table `upload_batch`
--

LOCK TABLES `upload_batch` WRITE;
/*!40000 ALTER TABLE `upload_batch` DISABLE KEYS */;
INSERT INTO `upload_batch` (`id`,`drama_id`,`drama_title`,`status`,`file_count`,`task_id`,`create_time`,`update_time`,`rag_status`,`rag_task_id`,`rag_message`,`rag_update_time`) VALUES (54,1,'北派寻宝笔记','READY_FOR_RAG',10,NULL,'2026-06-07 00:36:08','2026-06-07 00:36:08','PENDING',NULL,'Imported from backend video manifest','2026-06-07 00:36:08'),(55,3,'北往','ANALYZED',10,NULL,'2026-06-07 00:36:08','2026-06-07 14:25:23','PENDING',NULL,'Imported from backend video manifest','2026-06-07 00:36:08'),(56,4,'荒年全村啃树皮，我有系统满仓肉','READY_FOR_RAG',10,NULL,'2026-06-07 00:36:08','2026-06-07 00:36:08','PENDING',NULL,'Imported from backend video manifest','2026-06-07 00:36:08'),(57,5,'家里家外','READY_FOR_RAG',10,NULL,'2026-06-07 00:36:08','2026-06-07 00:36:08','PENDING',NULL,'Imported from backend video manifest','2026-06-07 00:36:08'),(58,6,'那年冬至','READY_FOR_RAG',10,NULL,'2026-06-07 00:36:08','2026-06-07 00:36:08','PENDING',NULL,'Imported from backend video manifest','2026-06-07 00:36:08'),(59,7,'十八岁太奶奶驾到，重整家族荣耀第三部','READY_FOR_RAG',10,NULL,'2026-06-07 00:36:08','2026-06-07 00:36:08','PENDING',NULL,'Imported from backend video manifest','2026-06-07 00:36:08'),(60,8,'撕夜','READY_FOR_RAG',10,NULL,'2026-06-07 00:36:08','2026-06-07 00:36:08','PENDING',NULL,'Imported from backend video manifest','2026-06-07 00:36:08'),(61,2,'天下第一纨绔','READY_FOR_RAG',10,NULL,'2026-06-07 00:36:08','2026-06-07 00:36:08','PENDING',NULL,'Imported from backend video manifest','2026-06-07 00:36:08'),(62,9,'幸得相遇离婚时','READY_FOR_RAG',10,NULL,'2026-06-07 00:36:08','2026-06-07 00:36:08','PENDING',NULL,'Imported from backend video manifest','2026-06-07 00:36:08'),(63,10,'云渺1：我修仙多年强亿点怎么了','READY_FOR_RAG',10,NULL,'2026-06-07 00:36:08','2026-06-07 00:36:08','PENDING',NULL,'Imported from backend video manifest','2026-06-07 00:36:08');
/*!40000 ALTER TABLE `upload_batch` ENABLE KEYS */;
UNLOCK TABLES;

--
-- Table structure for table `video_asset`
--

DROP TABLE IF EXISTS `video_asset`;
/*!40101 SET @saved_cs_client     = @@character_set_client */;
/*!50503 SET character_set_client = utf8mb4 */;
CREATE TABLE `video_asset` (
  `id` bigint NOT NULL AUTO_INCREMENT,
  `batch_id` bigint DEFAULT NULL,
  `drama_id` bigint DEFAULT NULL,
  `episode_id` bigint DEFAULT NULL,
  `generation_id` bigint DEFAULT NULL,
  `asset_type` varchar(32) CHARACTER SET utf8mb4 COLLATE utf8mb4_unicode_ci NOT NULL DEFAULT 'SOURCE_VIDEO',
  `episode_no` int DEFAULT NULL,
  `original_folder_name` varchar(255) CHARACTER SET utf8mb4 COLLATE utf8mb4_unicode_ci DEFAULT NULL,
  `original_file_name` varchar(255) CHARACTER SET utf8mb4 COLLATE utf8mb4_unicode_ci DEFAULT NULL,
  `cos_bucket` varchar(128) CHARACTER SET utf8mb4 COLLATE utf8mb4_unicode_ci DEFAULT NULL,
  `cos_region` varchar(64) CHARACTER SET utf8mb4 COLLATE utf8mb4_unicode_ci DEFAULT NULL,
  `cos_key` varchar(512) CHARACTER SET utf8mb4 COLLATE utf8mb4_unicode_ci DEFAULT NULL,
  `cos_url` varchar(1024) CHARACTER SET utf8mb4 COLLATE utf8mb4_unicode_ci DEFAULT NULL,
  `content_type` varchar(64) CHARACTER SET utf8mb4 COLLATE utf8mb4_unicode_ci DEFAULT NULL,
  `file_size` bigint DEFAULT NULL,
  `duration` int DEFAULT NULL COMMENT '绉',
  `status` varchar(32) CHARACTER SET utf8mb4 COLLATE utf8mb4_unicode_ci DEFAULT 'CREATED',
  `create_time` datetime DEFAULT CURRENT_TIMESTAMP,
  `update_time` datetime DEFAULT CURRENT_TIMESTAMP ON UPDATE CURRENT_TIMESTAMP,
  `rag_status` varchar(32) CHARACTER SET utf8mb4 COLLATE utf8mb4_unicode_ci DEFAULT 'WAITING_UPLOAD',
  `rag_task_id` bigint DEFAULT NULL,
  `rag_message` varchar(512) CHARACTER SET utf8mb4 COLLATE utf8mb4_unicode_ci DEFAULT NULL,
  `rag_update_time` datetime DEFAULT NULL,
  `drama_no` int DEFAULT NULL,
  `drama_code` varchar(32) CHARACTER SET utf8mb4 COLLATE utf8mb4_unicode_ci DEFAULT NULL,
  `normalized_file_name` varchar(255) CHARACTER SET utf8mb4 COLLATE utf8mb4_unicode_ci DEFAULT NULL,
  `backend_key` varchar(512) CHARACTER SET utf8mb4 COLLATE utf8mb4_unicode_ci DEFAULT NULL,
  PRIMARY KEY (`id`),
  KEY `idx_batch` (`batch_id`),
  KEY `idx_episode` (`episode_id`),
  KEY `idx_generation` (`generation_id`),
  KEY `idx_rag_status` (`rag_status`),
  KEY `idx_rag_task` (`rag_task_id`),
  KEY `idx_asset_normalized_file` (`normalized_file_name`)
) ENGINE=InnoDB AUTO_INCREMENT=188 DEFAULT CHARSET=utf8mb4 COLLATE=utf8mb4_unicode_ci;
/*!40101 SET character_set_client = @saved_cs_client */;

--
-- Dumping data for table `video_asset`
--

LOCK TABLES `video_asset` WRITE;
/*!40000 ALTER TABLE `video_asset` DISABLE KEYS */;
INSERT INTO `video_asset` VALUES (86,54,1,206,NULL,'SOURCE_VIDEO',63,'北派寻宝笔记','第63集.mp4','short-drama-1308237976','ap-guangzhou','uploads/episode01/episode01-63.mp4','https://short-drama-1308237976.cos.ap-guangzhou.myqcloud.com/uploads/episode01/episode01-63.mp4','video/mp4',118601703,NULL,'UPLOADED','2026-06-07 00:36:08','2026-06-07 11:53:47','PENDING',NULL,'Ready for RAG','2026-06-07 00:36:08',1,'episode01','episode01-63.mp4','video/episode01/episode01-63.mp4'),(87,54,1,207,NULL,'SOURCE_VIDEO',64,'北派寻宝笔记','第64集.mp4','short-drama-1308237976','ap-guangzhou','uploads/episode01/episode01-64.mp4','https://short-drama-1308237976.cos.ap-guangzhou.myqcloud.com/uploads/episode01/episode01-64.mp4','video/mp4',104269816,NULL,'UPLOADED','2026-06-07 00:36:08','2026-06-07 11:53:47','PENDING',NULL,'Ready for RAG','2026-06-07 00:36:08',1,'episode01','episode01-64.mp4','video/episode01/episode01-64.mp4'),(88,54,1,208,NULL,'SOURCE_VIDEO',65,'北派寻宝笔记','第65集.mp4','short-drama-1308237976','ap-guangzhou','uploads/episode01/episode01-65.mp4','https://short-drama-1308237976.cos.ap-guangzhou.myqcloud.com/uploads/episode01/episode01-65.mp4','video/mp4',54509917,NULL,'UPLOADED','2026-06-07 00:36:08','2026-06-07 11:53:47','PENDING',NULL,'Ready for RAG','2026-06-07 00:36:08',1,'episode01','episode01-65.mp4','video/episode01/episode01-65.mp4'),(89,54,1,209,NULL,'SOURCE_VIDEO',66,'北派寻宝笔记','第66集.mp4','short-drama-1308237976','ap-guangzhou','uploads/episode01/episode01-66.mp4','https://short-drama-1308237976.cos.ap-guangzhou.myqcloud.com/uploads/episode01/episode01-66.mp4','video/mp4',69550543,NULL,'UPLOADED','2026-06-07 00:36:08','2026-06-07 11:53:47','PENDING',NULL,'Ready for RAG','2026-06-07 00:36:08',1,'episode01','episode01-66.mp4','video/episode01/episode01-66.mp4'),(90,54,1,210,NULL,'SOURCE_VIDEO',67,'北派寻宝笔记','第67集.mp4','short-drama-1308237976','ap-guangzhou','uploads/episode01/episode01-67.mp4','https://short-drama-1308237976.cos.ap-guangzhou.myqcloud.com/uploads/episode01/episode01-67.mp4','video/mp4',73424151,NULL,'UPLOADED','2026-06-07 00:36:08','2026-06-07 11:53:47','PENDING',NULL,'Ready for RAG','2026-06-07 00:36:08',1,'episode01','episode01-67.mp4','video/episode01/episode01-67.mp4'),(91,54,1,211,NULL,'SOURCE_VIDEO',68,'北派寻宝笔记','第68集.mp4','short-drama-1308237976','ap-guangzhou','uploads/episode01/episode01-68.mp4','https://short-drama-1308237976.cos.ap-guangzhou.myqcloud.com/uploads/episode01/episode01-68.mp4','video/mp4',48057910,NULL,'UPLOADED','2026-06-07 00:36:08','2026-06-07 11:53:47','PENDING',NULL,'Ready for RAG','2026-06-07 00:36:08',1,'episode01','episode01-68.mp4','video/episode01/episode01-68.mp4'),(92,54,1,212,NULL,'SOURCE_VIDEO',69,'北派寻宝笔记','第69集.mp4','short-drama-1308237976','ap-guangzhou','uploads/episode01/episode01-69.mp4','https://short-drama-1308237976.cos.ap-guangzhou.myqcloud.com/uploads/episode01/episode01-69.mp4','video/mp4',49605855,NULL,'UPLOADED','2026-06-07 00:36:08','2026-06-07 11:53:47','PENDING',NULL,'Ready for RAG','2026-06-07 00:36:08',1,'episode01','episode01-69.mp4','video/episode01/episode01-69.mp4'),(93,54,1,213,NULL,'SOURCE_VIDEO',70,'北派寻宝笔记','第70集.mp4','short-drama-1308237976','ap-guangzhou','uploads/episode01/episode01-70.mp4','https://short-drama-1308237976.cos.ap-guangzhou.myqcloud.com/uploads/episode01/episode01-70.mp4','video/mp4',25160497,NULL,'UPLOADED','2026-06-07 00:36:08','2026-06-07 11:53:47','PENDING',NULL,'Ready for RAG','2026-06-07 00:36:08',1,'episode01','episode01-70.mp4','video/episode01/episode01-70.mp4'),(94,54,1,214,NULL,'SOURCE_VIDEO',71,'北派寻宝笔记','第71集.mp4','short-drama-1308237976','ap-guangzhou','uploads/episode01/episode01-71.mp4','https://short-drama-1308237976.cos.ap-guangzhou.myqcloud.com/uploads/episode01/episode01-71.mp4','video/mp4',43627238,NULL,'UPLOADED','2026-06-07 00:36:08','2026-06-07 11:53:47','PENDING',NULL,'Ready for RAG','2026-06-07 00:36:08',1,'episode01','episode01-71.mp4','video/episode01/episode01-71.mp4'),(95,54,1,215,NULL,'SOURCE_VIDEO',72,'北派寻宝笔记','第72集.mp4','short-drama-1308237976','ap-guangzhou','uploads/episode01/episode01-72.mp4','https://short-drama-1308237976.cos.ap-guangzhou.myqcloud.com/uploads/episode01/episode01-72.mp4','video/mp4',43205774,NULL,'UPLOADED','2026-06-07 00:36:08','2026-06-07 11:53:47','PENDING',NULL,'Ready for RAG','2026-06-07 00:36:08',1,'episode01','episode01-72.mp4','video/episode01/episode01-72.mp4'),(96,55,3,205,NULL,'SOURCE_VIDEO',1,'北往','第1集.mp4','short-drama-1308237976','ap-guangzhou','uploads/episode02/episode02-01.mp4','https://short-drama-1308237976.cos.ap-guangzhou.myqcloud.com/uploads/episode02/episode02-01.mp4','video/mp4',77614316,NULL,'UPLOADED','2026-06-07 00:36:08','2026-06-07 14:25:23','ANALYZED',NULL,'RAG 已生成互动内容','2026-06-07 13:46:52',2,'episode02','episode02-01.mp4','video/episode02/episode02-01.mp4'),(97,55,3,204,NULL,'SOURCE_VIDEO',2,'北往','第2集.mp4','short-drama-1308237976','ap-guangzhou','uploads/episode02/episode02-02.mp4','https://short-drama-1308237976.cos.ap-guangzhou.myqcloud.com/uploads/episode02/episode02-02.mp4','video/mp4',46386771,NULL,'UPLOADED','2026-06-07 00:36:08','2026-06-07 14:25:23','ANALYZED',NULL,'RAG 已生成互动内容','2026-06-07 13:46:52',2,'episode02','episode02-02.mp4','video/episode02/episode02-02.mp4'),(98,55,3,216,NULL,'SOURCE_VIDEO',3,'北往','第3集.mp4','short-drama-1308237976','ap-guangzhou','uploads/episode02/episode02-03.mp4','https://short-drama-1308237976.cos.ap-guangzhou.myqcloud.com/uploads/episode02/episode02-03.mp4','video/mp4',39971891,NULL,'UPLOADED','2026-06-07 00:36:08','2026-06-07 14:25:23','NO_INTERACTION',NULL,'RAG 已判断无互动点','2026-06-07 13:46:52',2,'episode02','episode02-03.mp4','video/episode02/episode02-03.mp4'),(99,55,3,217,NULL,'SOURCE_VIDEO',4,'北往','第4集.mp4','short-drama-1308237976','ap-guangzhou','uploads/episode02/episode02-04.mp4','https://short-drama-1308237976.cos.ap-guangzhou.myqcloud.com/uploads/episode02/episode02-04.mp4','video/mp4',19364653,NULL,'UPLOADED','2026-06-07 00:36:08','2026-06-07 14:25:23','ANALYZED',NULL,'RAG 已生成互动内容','2026-06-07 13:46:52',2,'episode02','episode02-04.mp4','video/episode02/episode02-04.mp4'),(100,55,3,218,NULL,'SOURCE_VIDEO',5,'北往','第5集.mp4','short-drama-1308237976','ap-guangzhou','uploads/episode02/episode02-05.mp4','https://short-drama-1308237976.cos.ap-guangzhou.myqcloud.com/uploads/episode02/episode02-05.mp4','video/mp4',39831665,NULL,'UPLOADED','2026-06-07 00:36:08','2026-06-07 14:25:23','ANALYZED',NULL,'RAG 已生成互动内容','2026-06-07 13:46:52',2,'episode02','episode02-05.mp4','video/episode02/episode02-05.mp4'),(101,55,3,219,NULL,'SOURCE_VIDEO',6,'北往','第6集.mp4','short-drama-1308237976','ap-guangzhou','uploads/episode02/episode02-06.mp4','https://short-drama-1308237976.cos.ap-guangzhou.myqcloud.com/uploads/episode02/episode02-06.mp4','video/mp4',47287876,NULL,'UPLOADED','2026-06-07 00:36:08','2026-06-07 14:25:23','ANALYZED',NULL,'RAG 已生成互动内容','2026-06-07 13:46:52',2,'episode02','episode02-06.mp4','video/episode02/episode02-06.mp4'),(102,55,3,220,NULL,'SOURCE_VIDEO',7,'北往','第7集.mp4','short-drama-1308237976','ap-guangzhou','uploads/episode02/episode02-07.mp4','https://short-drama-1308237976.cos.ap-guangzhou.myqcloud.com/uploads/episode02/episode02-07.mp4','video/mp4',29971881,NULL,'UPLOADED','2026-06-07 00:36:08','2026-06-07 14:25:23','NO_INTERACTION',NULL,'RAG 已判断无互动点','2026-06-07 13:46:52',2,'episode02','episode02-07.mp4','video/episode02/episode02-07.mp4'),(103,55,3,221,NULL,'SOURCE_VIDEO',8,'北往','第8集.mp4','short-drama-1308237976','ap-guangzhou','uploads/episode02/episode02-08.mp4','https://short-drama-1308237976.cos.ap-guangzhou.myqcloud.com/uploads/episode02/episode02-08.mp4','video/mp4',27801681,NULL,'UPLOADED','2026-06-07 00:36:08','2026-06-07 14:25:23','NO_INTERACTION',NULL,'RAG 已判断无互动点','2026-06-07 13:46:52',2,'episode02','episode02-08.mp4','video/episode02/episode02-08.mp4'),(104,55,3,222,NULL,'SOURCE_VIDEO',9,'北往','第9集.mp4','short-drama-1308237976','ap-guangzhou','uploads/episode02/episode02-09.mp4','https://short-drama-1308237976.cos.ap-guangzhou.myqcloud.com/uploads/episode02/episode02-09.mp4','video/mp4',42192135,NULL,'UPLOADED','2026-06-07 00:36:08','2026-06-07 14:25:23','NO_INTERACTION',NULL,'RAG 已判断无互动点','2026-06-07 13:46:52',2,'episode02','episode02-09.mp4','video/episode02/episode02-09.mp4'),(105,55,3,223,NULL,'SOURCE_VIDEO',10,'北往','第10集.mp4','short-drama-1308237976','ap-guangzhou','uploads/episode02/episode02-10.mp4','https://short-drama-1308237976.cos.ap-guangzhou.myqcloud.com/uploads/episode02/episode02-10.mp4','video/mp4',48558254,NULL,'UPLOADED','2026-06-07 00:36:08','2026-06-07 14:25:23','ANALYZED',NULL,'RAG 已生成互动内容','2026-06-07 13:46:52',2,'episode02','episode02-10.mp4','video/episode02/episode02-10.mp4'),(106,56,4,224,NULL,'SOURCE_VIDEO',1,'荒年全村啃树皮，我有系统满仓肉','第1集.mp4','short-drama-1308237976','ap-guangzhou','uploads/episode03/episode03-01.mp4','https://short-drama-1308237976.cos.ap-guangzhou.myqcloud.com/uploads/episode03/episode03-01.mp4','video/mp4',63635297,NULL,'UPLOADED','2026-06-07 00:36:08','2026-06-07 11:53:47','PENDING',NULL,'Ready for RAG','2026-06-07 00:36:08',3,'episode03','episode03-01.mp4','video/episode03/episode03-01.mp4'),(107,56,4,225,NULL,'SOURCE_VIDEO',2,'荒年全村啃树皮，我有系统满仓肉','第2集.mp4','short-drama-1308237976','ap-guangzhou','uploads/episode03/episode03-02.mp4','https://short-drama-1308237976.cos.ap-guangzhou.myqcloud.com/uploads/episode03/episode03-02.mp4','video/mp4',99286370,NULL,'UPLOADED','2026-06-07 00:36:08','2026-06-07 11:53:47','PENDING',NULL,'Ready for RAG','2026-06-07 00:36:08',3,'episode03','episode03-02.mp4','video/episode03/episode03-02.mp4'),(108,56,4,226,NULL,'SOURCE_VIDEO',3,'荒年全村啃树皮，我有系统满仓肉','第3集.mp4','short-drama-1308237976','ap-guangzhou','uploads/episode03/episode03-03.mp4','https://short-drama-1308237976.cos.ap-guangzhou.myqcloud.com/uploads/episode03/episode03-03.mp4','video/mp4',38994551,NULL,'UPLOADED','2026-06-07 00:36:08','2026-06-07 11:53:47','PENDING',NULL,'Ready for RAG','2026-06-07 00:36:08',3,'episode03','episode03-03.mp4','video/episode03/episode03-03.mp4'),(109,56,4,227,NULL,'SOURCE_VIDEO',4,'荒年全村啃树皮，我有系统满仓肉','第4集.mp4','short-drama-1308237976','ap-guangzhou','uploads/episode03/episode03-04.mp4','https://short-drama-1308237976.cos.ap-guangzhou.myqcloud.com/uploads/episode03/episode03-04.mp4','video/mp4',43313845,NULL,'UPLOADED','2026-06-07 00:36:08','2026-06-07 11:53:47','PENDING',NULL,'Ready for RAG','2026-06-07 00:36:08',3,'episode03','episode03-04.mp4','video/episode03/episode03-04.mp4'),(110,56,4,228,NULL,'SOURCE_VIDEO',5,'荒年全村啃树皮，我有系统满仓肉','第5集.mp4','short-drama-1308237976','ap-guangzhou','uploads/episode03/episode03-05.mp4','https://short-drama-1308237976.cos.ap-guangzhou.myqcloud.com/uploads/episode03/episode03-05.mp4','video/mp4',38400887,NULL,'UPLOADED','2026-06-07 00:36:08','2026-06-07 11:53:47','PENDING',NULL,'Ready for RAG','2026-06-07 00:36:08',3,'episode03','episode03-05.mp4','video/episode03/episode03-05.mp4'),(111,56,4,229,NULL,'SOURCE_VIDEO',6,'荒年全村啃树皮，我有系统满仓肉','第6集.mp4','short-drama-1308237976','ap-guangzhou','uploads/episode03/episode03-06.mp4','https://short-drama-1308237976.cos.ap-guangzhou.myqcloud.com/uploads/episode03/episode03-06.mp4','video/mp4',59016920,NULL,'UPLOADED','2026-06-07 00:36:08','2026-06-07 11:53:47','PENDING',NULL,'Ready for RAG','2026-06-07 00:36:08',3,'episode03','episode03-06.mp4','video/episode03/episode03-06.mp4'),(112,56,4,230,NULL,'SOURCE_VIDEO',7,'荒年全村啃树皮，我有系统满仓肉','第7集.mp4','short-drama-1308237976','ap-guangzhou','uploads/episode03/episode03-07.mp4','https://short-drama-1308237976.cos.ap-guangzhou.myqcloud.com/uploads/episode03/episode03-07.mp4','video/mp4',40660330,NULL,'UPLOADED','2026-06-07 00:36:08','2026-06-07 11:53:47','PENDING',NULL,'Ready for RAG','2026-06-07 00:36:08',3,'episode03','episode03-07.mp4','video/episode03/episode03-07.mp4'),(113,56,4,231,NULL,'SOURCE_VIDEO',8,'荒年全村啃树皮，我有系统满仓肉','第8集.mp4','short-drama-1308237976','ap-guangzhou','uploads/episode03/episode03-08.mp4','https://short-drama-1308237976.cos.ap-guangzhou.myqcloud.com/uploads/episode03/episode03-08.mp4','video/mp4',94772645,NULL,'UPLOADED','2026-06-07 00:36:08','2026-06-07 11:53:47','PENDING',NULL,'Ready for RAG','2026-06-07 00:36:08',3,'episode03','episode03-08.mp4','video/episode03/episode03-08.mp4'),(114,56,4,232,NULL,'SOURCE_VIDEO',9,'荒年全村啃树皮，我有系统满仓肉','第9集.mp4','short-drama-1308237976','ap-guangzhou','uploads/episode03/episode03-09.mp4','https://short-drama-1308237976.cos.ap-guangzhou.myqcloud.com/uploads/episode03/episode03-09.mp4','video/mp4',38720384,NULL,'UPLOADED','2026-06-07 00:36:08','2026-06-07 11:53:47','PENDING',NULL,'Ready for RAG','2026-06-07 00:36:08',3,'episode03','episode03-09.mp4','video/episode03/episode03-09.mp4'),(115,56,4,233,NULL,'SOURCE_VIDEO',10,'荒年全村啃树皮，我有系统满仓肉','第10集.mp4','short-drama-1308237976','ap-guangzhou','uploads/episode03/episode03-10.mp4','https://short-drama-1308237976.cos.ap-guangzhou.myqcloud.com/uploads/episode03/episode03-10.mp4','video/mp4',51659721,NULL,'UPLOADED','2026-06-07 00:36:08','2026-06-07 11:53:47','PENDING',NULL,'Ready for RAG','2026-06-07 00:36:08',3,'episode03','episode03-10.mp4','video/episode03/episode03-10.mp4'),(116,57,5,234,NULL,'SOURCE_VIDEO',1,'家里家外','第1集.mp4','short-drama-1308237976','ap-guangzhou','uploads/episode04/episode04-01.mp4','https://short-drama-1308237976.cos.ap-guangzhou.myqcloud.com/uploads/episode04/episode04-01.mp4','video/mp4',42570436,NULL,'UPLOADED','2026-06-07 00:36:08','2026-06-07 11:53:47','PENDING',NULL,'Ready for RAG','2026-06-07 00:36:08',4,'episode04','episode04-01.mp4','video/episode04/episode04-01.mp4'),(117,57,5,235,NULL,'SOURCE_VIDEO',2,'家里家外','第2集.mp4','short-drama-1308237976','ap-guangzhou','uploads/episode04/episode04-02.mp4','https://short-drama-1308237976.cos.ap-guangzhou.myqcloud.com/uploads/episode04/episode04-02.mp4','video/mp4',58439119,NULL,'UPLOADED','2026-06-07 00:36:08','2026-06-07 11:53:47','PENDING',NULL,'Ready for RAG','2026-06-07 00:36:08',4,'episode04','episode04-02.mp4','video/episode04/episode04-02.mp4'),(118,57,5,236,NULL,'SOURCE_VIDEO',3,'家里家外','第3集.mp4','short-drama-1308237976','ap-guangzhou','uploads/episode04/episode04-03.mp4','https://short-drama-1308237976.cos.ap-guangzhou.myqcloud.com/uploads/episode04/episode04-03.mp4','video/mp4',45446257,NULL,'UPLOADED','2026-06-07 00:36:08','2026-06-07 11:53:47','PENDING',NULL,'Ready for RAG','2026-06-07 00:36:08',4,'episode04','episode04-03.mp4','video/episode04/episode04-03.mp4'),(119,57,5,237,NULL,'SOURCE_VIDEO',4,'家里家外','第4集.mp4','short-drama-1308237976','ap-guangzhou','uploads/episode04/episode04-04.mp4','https://short-drama-1308237976.cos.ap-guangzhou.myqcloud.com/uploads/episode04/episode04-04.mp4','video/mp4',32474641,NULL,'UPLOADED','2026-06-07 00:36:08','2026-06-07 11:53:47','PENDING',NULL,'Ready for RAG','2026-06-07 00:36:08',4,'episode04','episode04-04.mp4','video/episode04/episode04-04.mp4'),(120,57,5,238,NULL,'SOURCE_VIDEO',5,'家里家外','第5集.mp4','short-drama-1308237976','ap-guangzhou','uploads/episode04/episode04-05.mp4','https://short-drama-1308237976.cos.ap-guangzhou.myqcloud.com/uploads/episode04/episode04-05.mp4','video/mp4',30054406,NULL,'UPLOADED','2026-06-07 00:36:08','2026-06-07 11:53:47','PENDING',NULL,'Ready for RAG','2026-06-07 00:36:08',4,'episode04','episode04-05.mp4','video/episode04/episode04-05.mp4'),(121,57,5,239,NULL,'SOURCE_VIDEO',6,'家里家外','第6集.mp4','short-drama-1308237976','ap-guangzhou','uploads/episode04/episode04-06.mp4','https://short-drama-1308237976.cos.ap-guangzhou.myqcloud.com/uploads/episode04/episode04-06.mp4','video/mp4',27309326,NULL,'UPLOADED','2026-06-07 00:36:08','2026-06-07 11:53:47','PENDING',NULL,'Ready for RAG','2026-06-07 00:36:08',4,'episode04','episode04-06.mp4','video/episode04/episode04-06.mp4'),(122,57,5,240,NULL,'SOURCE_VIDEO',7,'家里家外','第7集.mp4','short-drama-1308237976','ap-guangzhou','uploads/episode04/episode04-07.mp4','https://short-drama-1308237976.cos.ap-guangzhou.myqcloud.com/uploads/episode04/episode04-07.mp4','video/mp4',38158829,NULL,'UPLOADED','2026-06-07 00:36:08','2026-06-07 11:53:47','PENDING',NULL,'Ready for RAG','2026-06-07 00:36:08',4,'episode04','episode04-07.mp4','video/episode04/episode04-07.mp4'),(123,57,5,241,NULL,'SOURCE_VIDEO',8,'家里家外','第8集.mp4','short-drama-1308237976','ap-guangzhou','uploads/episode04/episode04-08.mp4','https://short-drama-1308237976.cos.ap-guangzhou.myqcloud.com/uploads/episode04/episode04-08.mp4','video/mp4',20597417,NULL,'UPLOADED','2026-06-07 00:36:08','2026-06-07 11:53:47','PENDING',NULL,'Ready for RAG','2026-06-07 00:36:08',4,'episode04','episode04-08.mp4','video/episode04/episode04-08.mp4'),(124,57,5,242,NULL,'SOURCE_VIDEO',9,'家里家外','第9集.mp4','short-drama-1308237976','ap-guangzhou','uploads/episode04/episode04-09.mp4','https://short-drama-1308237976.cos.ap-guangzhou.myqcloud.com/uploads/episode04/episode04-09.mp4','video/mp4',30146859,NULL,'UPLOADED','2026-06-07 00:36:08','2026-06-07 11:53:47','PENDING',NULL,'Ready for RAG','2026-06-07 00:36:08',4,'episode04','episode04-09.mp4','video/episode04/episode04-09.mp4'),(125,57,5,243,NULL,'SOURCE_VIDEO',10,'家里家外','第10集.mp4','short-drama-1308237976','ap-guangzhou','uploads/episode04/episode04-10.mp4','https://short-drama-1308237976.cos.ap-guangzhou.myqcloud.com/uploads/episode04/episode04-10.mp4','video/mp4',33264719,NULL,'UPLOADED','2026-06-07 00:36:08','2026-06-07 11:53:47','PENDING',NULL,'Ready for RAG','2026-06-07 00:36:08',4,'episode04','episode04-10.mp4','video/episode04/episode04-10.mp4'),(126,58,6,244,NULL,'SOURCE_VIDEO',1,'那年冬至','第1集.mp4','short-drama-1308237976','ap-guangzhou','uploads/episode05/episode05-01.mp4','https://short-drama-1308237976.cos.ap-guangzhou.myqcloud.com/uploads/episode05/episode05-01.mp4','video/mp4',38811075,NULL,'UPLOADED','2026-06-07 00:36:08','2026-06-07 11:53:47','PENDING',NULL,'Ready for RAG','2026-06-07 00:36:08',5,'episode05','episode05-01.mp4','video/episode05/episode05-01.mp4'),(127,58,6,245,NULL,'SOURCE_VIDEO',2,'那年冬至','第2集.mp4','short-drama-1308237976','ap-guangzhou','uploads/episode05/episode05-02.mp4','https://short-drama-1308237976.cos.ap-guangzhou.myqcloud.com/uploads/episode05/episode05-02.mp4','video/mp4',40793351,NULL,'UPLOADED','2026-06-07 00:36:08','2026-06-07 11:53:47','PENDING',NULL,'Ready for RAG','2026-06-07 00:36:08',5,'episode05','episode05-02.mp4','video/episode05/episode05-02.mp4'),(128,58,6,246,NULL,'SOURCE_VIDEO',3,'那年冬至','第3集.mp4','short-drama-1308237976','ap-guangzhou','uploads/episode05/episode05-03.mp4','https://short-drama-1308237976.cos.ap-guangzhou.myqcloud.com/uploads/episode05/episode05-03.mp4','video/mp4',20992749,NULL,'UPLOADED','2026-06-07 00:36:08','2026-06-07 11:53:47','PENDING',NULL,'Ready for RAG','2026-06-07 00:36:08',5,'episode05','episode05-03.mp4','video/episode05/episode05-03.mp4'),(129,58,6,247,NULL,'SOURCE_VIDEO',4,'那年冬至','第4集.mp4','short-drama-1308237976','ap-guangzhou','uploads/episode05/episode05-04.mp4','https://short-drama-1308237976.cos.ap-guangzhou.myqcloud.com/uploads/episode05/episode05-04.mp4','video/mp4',18593206,NULL,'UPLOADED','2026-06-07 00:36:08','2026-06-07 11:53:47','PENDING',NULL,'Ready for RAG','2026-06-07 00:36:08',5,'episode05','episode05-04.mp4','video/episode05/episode05-04.mp4'),(130,58,6,248,NULL,'SOURCE_VIDEO',5,'那年冬至','第5集.mp4','short-drama-1308237976','ap-guangzhou','uploads/episode05/episode05-05.mp4','https://short-drama-1308237976.cos.ap-guangzhou.myqcloud.com/uploads/episode05/episode05-05.mp4','video/mp4',29252236,NULL,'UPLOADED','2026-06-07 00:36:08','2026-06-07 11:53:47','PENDING',NULL,'Ready for RAG','2026-06-07 00:36:08',5,'episode05','episode05-05.mp4','video/episode05/episode05-05.mp4'),(131,58,6,249,NULL,'SOURCE_VIDEO',6,'那年冬至','第6集.mp4','short-drama-1308237976','ap-guangzhou','uploads/episode05/episode05-06.mp4','https://short-drama-1308237976.cos.ap-guangzhou.myqcloud.com/uploads/episode05/episode05-06.mp4','video/mp4',26526923,NULL,'UPLOADED','2026-06-07 00:36:08','2026-06-07 11:53:47','PENDING',NULL,'Ready for RAG','2026-06-07 00:36:08',5,'episode05','episode05-06.mp4','video/episode05/episode05-06.mp4'),(132,58,6,250,NULL,'SOURCE_VIDEO',7,'那年冬至','第7集.mp4','short-drama-1308237976','ap-guangzhou','uploads/episode05/episode05-07.mp4','https://short-drama-1308237976.cos.ap-guangzhou.myqcloud.com/uploads/episode05/episode05-07.mp4','video/mp4',23098731,NULL,'UPLOADED','2026-06-07 00:36:08','2026-06-07 11:53:47','PENDING',NULL,'Ready for RAG','2026-06-07 00:36:08',5,'episode05','episode05-07.mp4','video/episode05/episode05-07.mp4'),(133,58,6,251,NULL,'SOURCE_VIDEO',8,'那年冬至','第8集.mp4','short-drama-1308237976','ap-guangzhou','uploads/episode05/episode05-08.mp4','https://short-drama-1308237976.cos.ap-guangzhou.myqcloud.com/uploads/episode05/episode05-08.mp4','video/mp4',19441240,NULL,'UPLOADED','2026-06-07 00:36:08','2026-06-07 11:53:47','PENDING',NULL,'Ready for RAG','2026-06-07 00:36:08',5,'episode05','episode05-08.mp4','video/episode05/episode05-08.mp4'),(134,58,6,252,NULL,'SOURCE_VIDEO',9,'那年冬至','第9集.mp4','short-drama-1308237976','ap-guangzhou','uploads/episode05/episode05-09.mp4','https://short-drama-1308237976.cos.ap-guangzhou.myqcloud.com/uploads/episode05/episode05-09.mp4','video/mp4',61529661,NULL,'UPLOADED','2026-06-07 00:36:08','2026-06-07 11:53:47','PENDING',NULL,'Ready for RAG','2026-06-07 00:36:08',5,'episode05','episode05-09.mp4','video/episode05/episode05-09.mp4'),(135,58,6,253,NULL,'SOURCE_VIDEO',10,'那年冬至','第10集.mp4','short-drama-1308237976','ap-guangzhou','uploads/episode05/episode05-10.mp4','https://short-drama-1308237976.cos.ap-guangzhou.myqcloud.com/uploads/episode05/episode05-10.mp4','video/mp4',21741317,NULL,'UPLOADED','2026-06-07 00:36:08','2026-06-07 11:53:47','PENDING',NULL,'Ready for RAG','2026-06-07 00:36:08',5,'episode05','episode05-10.mp4','video/episode05/episode05-10.mp4'),(136,59,7,254,NULL,'SOURCE_VIDEO',1,'十八岁太奶奶驾到，重整家族荣耀第三部','第1集.mp4','short-drama-1308237976','ap-guangzhou','uploads/episode06/episode06-01.mp4','https://short-drama-1308237976.cos.ap-guangzhou.myqcloud.com/uploads/episode06/episode06-01.mp4','video/mp4',67872080,NULL,'UPLOADED','2026-06-07 00:36:08','2026-06-07 11:53:47','PENDING',NULL,'Ready for RAG','2026-06-07 00:36:08',6,'episode06','episode06-01.mp4','video/episode06/episode06-01.mp4'),(137,59,7,255,NULL,'SOURCE_VIDEO',2,'十八岁太奶奶驾到，重整家族荣耀第三部','第2集.mp4','short-drama-1308237976','ap-guangzhou','uploads/episode06/episode06-02.mp4','https://short-drama-1308237976.cos.ap-guangzhou.myqcloud.com/uploads/episode06/episode06-02.mp4','video/mp4',69427681,NULL,'UPLOADED','2026-06-07 00:36:08','2026-06-07 11:53:47','PENDING',NULL,'Ready for RAG','2026-06-07 00:36:08',6,'episode06','episode06-02.mp4','video/episode06/episode06-02.mp4'),(138,59,7,256,NULL,'SOURCE_VIDEO',3,'十八岁太奶奶驾到，重整家族荣耀第三部','第3集.mp4','short-drama-1308237976','ap-guangzhou','uploads/episode06/episode06-03.mp4','https://short-drama-1308237976.cos.ap-guangzhou.myqcloud.com/uploads/episode06/episode06-03.mp4','video/mp4',65961894,NULL,'UPLOADED','2026-06-07 00:36:08','2026-06-07 11:53:47','PENDING',NULL,'Ready for RAG','2026-06-07 00:36:08',6,'episode06','episode06-03.mp4','video/episode06/episode06-03.mp4'),(139,59,7,257,NULL,'SOURCE_VIDEO',4,'十八岁太奶奶驾到，重整家族荣耀第三部','第4集.mp4','short-drama-1308237976','ap-guangzhou','uploads/episode06/episode06-04.mp4','https://short-drama-1308237976.cos.ap-guangzhou.myqcloud.com/uploads/episode06/episode06-04.mp4','video/mp4',44474291,NULL,'UPLOADED','2026-06-07 00:36:08','2026-06-07 11:53:47','PENDING',NULL,'Ready for RAG','2026-06-07 00:36:08',6,'episode06','episode06-04.mp4','video/episode06/episode06-04.mp4'),(140,59,7,258,NULL,'SOURCE_VIDEO',5,'十八岁太奶奶驾到，重整家族荣耀第三部','第5集.mp4','short-drama-1308237976','ap-guangzhou','uploads/episode06/episode06-05.mp4','https://short-drama-1308237976.cos.ap-guangzhou.myqcloud.com/uploads/episode06/episode06-05.mp4','video/mp4',35211295,NULL,'UPLOADED','2026-06-07 00:36:08','2026-06-07 11:53:47','PENDING',NULL,'Ready for RAG','2026-06-07 00:36:08',6,'episode06','episode06-05.mp4','video/episode06/episode06-05.mp4'),(141,59,7,259,NULL,'SOURCE_VIDEO',6,'十八岁太奶奶驾到，重整家族荣耀第三部','第6集.mp4','short-drama-1308237976','ap-guangzhou','uploads/episode06/episode06-06.mp4','https://short-drama-1308237976.cos.ap-guangzhou.myqcloud.com/uploads/episode06/episode06-06.mp4','video/mp4',49675733,NULL,'UPLOADED','2026-06-07 00:36:08','2026-06-07 11:53:47','PENDING',NULL,'Ready for RAG','2026-06-07 00:36:08',6,'episode06','episode06-06.mp4','video/episode06/episode06-06.mp4'),(142,59,7,260,NULL,'SOURCE_VIDEO',7,'十八岁太奶奶驾到，重整家族荣耀第三部','第7集.mp4','short-drama-1308237976','ap-guangzhou','uploads/episode06/episode06-07.mp4','https://short-drama-1308237976.cos.ap-guangzhou.myqcloud.com/uploads/episode06/episode06-07.mp4','video/mp4',80150027,NULL,'UPLOADED','2026-06-07 00:36:08','2026-06-07 11:53:47','PENDING',NULL,'Ready for RAG','2026-06-07 00:36:08',6,'episode06','episode06-07.mp4','video/episode06/episode06-07.mp4'),(143,59,7,261,NULL,'SOURCE_VIDEO',8,'十八岁太奶奶驾到，重整家族荣耀第三部','第8集.mp4','short-drama-1308237976','ap-guangzhou','uploads/episode06/episode06-08.mp4','https://short-drama-1308237976.cos.ap-guangzhou.myqcloud.com/uploads/episode06/episode06-08.mp4','video/mp4',24600060,NULL,'UPLOADED','2026-06-07 00:36:08','2026-06-07 11:53:47','PENDING',NULL,'Ready for RAG','2026-06-07 00:36:08',6,'episode06','episode06-08.mp4','video/episode06/episode06-08.mp4'),(144,59,7,262,NULL,'SOURCE_VIDEO',9,'十八岁太奶奶驾到，重整家族荣耀第三部','第9集.mp4','short-drama-1308237976','ap-guangzhou','uploads/episode06/episode06-09.mp4','https://short-drama-1308237976.cos.ap-guangzhou.myqcloud.com/uploads/episode06/episode06-09.mp4','video/mp4',21572610,NULL,'UPLOADED','2026-06-07 00:36:08','2026-06-07 11:53:47','PENDING',NULL,'Ready for RAG','2026-06-07 00:36:08',6,'episode06','episode06-09.mp4','video/episode06/episode06-09.mp4'),(145,59,7,263,NULL,'SOURCE_VIDEO',10,'十八岁太奶奶驾到，重整家族荣耀第三部','第10集.mp4','short-drama-1308237976','ap-guangzhou','uploads/episode06/episode06-10.mp4','https://short-drama-1308237976.cos.ap-guangzhou.myqcloud.com/uploads/episode06/episode06-10.mp4','video/mp4',37355339,NULL,'UPLOADED','2026-06-07 00:36:08','2026-06-07 11:53:47','PENDING',NULL,'Ready for RAG','2026-06-07 00:36:08',6,'episode06','episode06-10.mp4','video/episode06/episode06-10.mp4'),(146,60,8,264,NULL,'SOURCE_VIDEO',1,'撕夜','第1集.mp4','short-drama-1308237976','ap-guangzhou','uploads/episode07/episode07-01.mp4','https://short-drama-1308237976.cos.ap-guangzhou.myqcloud.com/uploads/episode07/episode07-01.mp4','video/mp4',66050629,NULL,'UPLOADED','2026-06-07 00:36:08','2026-06-07 11:53:47','PENDING',NULL,'Ready for RAG','2026-06-07 00:36:08',7,'episode07','episode07-01.mp4','video/episode07/episode07-01.mp4'),(147,60,8,265,NULL,'SOURCE_VIDEO',2,'撕夜','第2集.mp4','short-drama-1308237976','ap-guangzhou','uploads/episode07/episode07-02.mp4','https://short-drama-1308237976.cos.ap-guangzhou.myqcloud.com/uploads/episode07/episode07-02.mp4','video/mp4',20490529,NULL,'UPLOADED','2026-06-07 00:36:08','2026-06-07 11:53:47','PENDING',NULL,'Ready for RAG','2026-06-07 00:36:08',7,'episode07','episode07-02.mp4','video/episode07/episode07-02.mp4'),(148,60,8,266,NULL,'SOURCE_VIDEO',3,'撕夜','第3集.mp4','short-drama-1308237976','ap-guangzhou','uploads/episode07/episode07-03.mp4','https://short-drama-1308237976.cos.ap-guangzhou.myqcloud.com/uploads/episode07/episode07-03.mp4','video/mp4',11203494,NULL,'UPLOADED','2026-06-07 00:36:08','2026-06-07 11:53:47','PENDING',NULL,'Ready for RAG','2026-06-07 00:36:08',7,'episode07','episode07-03.mp4','video/episode07/episode07-03.mp4'),(149,60,8,267,NULL,'SOURCE_VIDEO',4,'撕夜','第4集.mp4','short-drama-1308237976','ap-guangzhou','uploads/episode07/episode07-04.mp4','https://short-drama-1308237976.cos.ap-guangzhou.myqcloud.com/uploads/episode07/episode07-04.mp4','video/mp4',15811284,NULL,'UPLOADED','2026-06-07 00:36:08','2026-06-07 11:53:47','PENDING',NULL,'Ready for RAG','2026-06-07 00:36:08',7,'episode07','episode07-04.mp4','video/episode07/episode07-04.mp4'),(150,60,8,268,NULL,'SOURCE_VIDEO',5,'撕夜','第5集.mp4','short-drama-1308237976','ap-guangzhou','uploads/episode07/episode07-05.mp4','https://short-drama-1308237976.cos.ap-guangzhou.myqcloud.com/uploads/episode07/episode07-05.mp4','video/mp4',15197371,NULL,'UPLOADED','2026-06-07 00:36:08','2026-06-07 11:53:47','PENDING',NULL,'Ready for RAG','2026-06-07 00:36:08',7,'episode07','episode07-05.mp4','video/episode07/episode07-05.mp4'),(151,60,8,269,NULL,'SOURCE_VIDEO',6,'撕夜','第6集.mp4','short-drama-1308237976','ap-guangzhou','uploads/episode07/episode07-06.mp4','https://short-drama-1308237976.cos.ap-guangzhou.myqcloud.com/uploads/episode07/episode07-06.mp4','video/mp4',6644897,NULL,'UPLOADED','2026-06-07 00:36:08','2026-06-07 11:53:47','PENDING',NULL,'Ready for RAG','2026-06-07 00:36:08',7,'episode07','episode07-06.mp4','video/episode07/episode07-06.mp4'),(152,60,8,270,NULL,'SOURCE_VIDEO',7,'撕夜','第7集.mp4','short-drama-1308237976','ap-guangzhou','uploads/episode07/episode07-07.mp4','https://short-drama-1308237976.cos.ap-guangzhou.myqcloud.com/uploads/episode07/episode07-07.mp4','video/mp4',13161948,NULL,'UPLOADED','2026-06-07 00:36:08','2026-06-07 11:53:47','PENDING',NULL,'Ready for RAG','2026-06-07 00:36:08',7,'episode07','episode07-07.mp4','video/episode07/episode07-07.mp4'),(153,60,8,271,NULL,'SOURCE_VIDEO',8,'撕夜','第8集.mp4','short-drama-1308237976','ap-guangzhou','uploads/episode07/episode07-08.mp4','https://short-drama-1308237976.cos.ap-guangzhou.myqcloud.com/uploads/episode07/episode07-08.mp4','video/mp4',15459709,NULL,'UPLOADED','2026-06-07 00:36:08','2026-06-07 11:53:47','PENDING',NULL,'Ready for RAG','2026-06-07 00:36:08',7,'episode07','episode07-08.mp4','video/episode07/episode07-08.mp4'),(154,60,8,272,NULL,'SOURCE_VIDEO',9,'撕夜','第9集.mp4','short-drama-1308237976','ap-guangzhou','uploads/episode07/episode07-09.mp4','https://short-drama-1308237976.cos.ap-guangzhou.myqcloud.com/uploads/episode07/episode07-09.mp4','video/mp4',23926341,NULL,'UPLOADED','2026-06-07 00:36:08','2026-06-07 11:53:47','PENDING',NULL,'Ready for RAG','2026-06-07 00:36:08',7,'episode07','episode07-09.mp4','video/episode07/episode07-09.mp4'),(155,60,8,273,NULL,'SOURCE_VIDEO',10,'撕夜','第10集.mp4','short-drama-1308237976','ap-guangzhou','uploads/episode07/episode07-10.mp4','https://short-drama-1308237976.cos.ap-guangzhou.myqcloud.com/uploads/episode07/episode07-10.mp4','video/mp4',9229397,NULL,'UPLOADED','2026-06-07 00:36:08','2026-06-07 11:53:47','PENDING',NULL,'Ready for RAG','2026-06-07 00:36:08',7,'episode07','episode07-10.mp4','video/episode07/episode07-10.mp4'),(156,61,2,201,NULL,'SOURCE_VIDEO',1,'天下第一纨绔','第1集.mp4','short-drama-1308237976','ap-guangzhou','uploads/episode08/episode08-01.mp4','https://short-drama-1308237976.cos.ap-guangzhou.myqcloud.com/uploads/episode08/episode08-01.mp4','video/mp4',121401222,NULL,'UPLOADED','2026-06-07 00:36:08','2026-06-07 11:53:47','PENDING',NULL,'Ready for RAG','2026-06-07 00:36:08',8,'episode08','episode08-01.mp4','video/episode08/episode08-01.mp4'),(157,61,2,274,NULL,'SOURCE_VIDEO',2,'天下第一纨绔','第2集.mp4','short-drama-1308237976','ap-guangzhou','uploads/episode08/episode08-02.mp4','https://short-drama-1308237976.cos.ap-guangzhou.myqcloud.com/uploads/episode08/episode08-02.mp4','video/mp4',23726896,NULL,'UPLOADED','2026-06-07 00:36:08','2026-06-07 11:53:47','PENDING',NULL,'Ready for RAG','2026-06-07 00:36:08',8,'episode08','episode08-02.mp4','video/episode08/episode08-02.mp4'),(158,61,2,275,NULL,'SOURCE_VIDEO',3,'天下第一纨绔','第3集.mp4','short-drama-1308237976','ap-guangzhou','uploads/episode08/episode08-03.mp4','https://short-drama-1308237976.cos.ap-guangzhou.myqcloud.com/uploads/episode08/episode08-03.mp4','video/mp4',69542393,NULL,'UPLOADED','2026-06-07 00:36:08','2026-06-07 11:53:47','PENDING',NULL,'Ready for RAG','2026-06-07 00:36:08',8,'episode08','episode08-03.mp4','video/episode08/episode08-03.mp4'),(159,61,2,276,NULL,'SOURCE_VIDEO',4,'天下第一纨绔','第4集.mp4','short-drama-1308237976','ap-guangzhou','uploads/episode08/episode08-04.mp4','https://short-drama-1308237976.cos.ap-guangzhou.myqcloud.com/uploads/episode08/episode08-04.mp4','video/mp4',69442237,NULL,'UPLOADED','2026-06-07 00:36:08','2026-06-07 11:53:47','PENDING',NULL,'Ready for RAG','2026-06-07 00:36:08',8,'episode08','episode08-04.mp4','video/episode08/episode08-04.mp4'),(160,61,2,277,NULL,'SOURCE_VIDEO',5,'天下第一纨绔','第5集.mp4','short-drama-1308237976','ap-guangzhou','uploads/episode08/episode08-05.mp4','https://short-drama-1308237976.cos.ap-guangzhou.myqcloud.com/uploads/episode08/episode08-05.mp4','video/mp4',30900368,NULL,'UPLOADED','2026-06-07 00:36:08','2026-06-07 11:53:47','PENDING',NULL,'Ready for RAG','2026-06-07 00:36:08',8,'episode08','episode08-05.mp4','video/episode08/episode08-05.mp4'),(161,61,2,278,NULL,'SOURCE_VIDEO',6,'天下第一纨绔','第6集.mp4','short-drama-1308237976','ap-guangzhou','uploads/episode08/episode08-06.mp4','https://short-drama-1308237976.cos.ap-guangzhou.myqcloud.com/uploads/episode08/episode08-06.mp4','video/mp4',20244495,NULL,'UPLOADED','2026-06-07 00:36:08','2026-06-07 11:53:47','PENDING',NULL,'Ready for RAG','2026-06-07 00:36:08',8,'episode08','episode08-06.mp4','video/episode08/episode08-06.mp4'),(162,61,2,279,NULL,'SOURCE_VIDEO',7,'天下第一纨绔','第7集.mp4','short-drama-1308237976','ap-guangzhou','uploads/episode08/episode08-07.mp4','https://short-drama-1308237976.cos.ap-guangzhou.myqcloud.com/uploads/episode08/episode08-07.mp4','video/mp4',128813096,NULL,'UPLOADED','2026-06-07 00:36:08','2026-06-07 11:53:47','PENDING',NULL,'Ready for RAG','2026-06-07 00:36:08',8,'episode08','episode08-07.mp4','video/episode08/episode08-07.mp4'),(163,61,2,280,NULL,'SOURCE_VIDEO',8,'天下第一纨绔','第8集.mp4','short-drama-1308237976','ap-guangzhou','uploads/episode08/episode08-08.mp4','https://short-drama-1308237976.cos.ap-guangzhou.myqcloud.com/uploads/episode08/episode08-08.mp4','video/mp4',68567219,NULL,'UPLOADED','2026-06-07 00:36:08','2026-06-07 11:53:47','PENDING',NULL,'Ready for RAG','2026-06-07 00:36:08',8,'episode08','episode08-08.mp4','video/episode08/episode08-08.mp4'),(164,61,2,281,NULL,'SOURCE_VIDEO',9,'天下第一纨绔','第9集.mp4','short-drama-1308237976','ap-guangzhou','uploads/episode08/episode08-09.mp4','https://short-drama-1308237976.cos.ap-guangzhou.myqcloud.com/uploads/episode08/episode08-09.mp4','video/mp4',82041048,NULL,'UPLOADED','2026-06-07 00:36:08','2026-06-07 11:53:47','PENDING',NULL,'Ready for RAG','2026-06-07 00:36:08',8,'episode08','episode08-09.mp4','video/episode08/episode08-09.mp4'),(165,61,2,282,NULL,'SOURCE_VIDEO',10,'天下第一纨绔','第10集.mp4','short-drama-1308237976','ap-guangzhou','uploads/episode08/episode08-10.mp4','https://short-drama-1308237976.cos.ap-guangzhou.myqcloud.com/uploads/episode08/episode08-10.mp4','video/mp4',43274680,NULL,'UPLOADED','2026-06-07 00:36:08','2026-06-07 11:53:47','PENDING',NULL,'Ready for RAG','2026-06-07 00:36:08',8,'episode08','episode08-10.mp4','video/episode08/episode08-10.mp4'),(166,62,9,283,NULL,'SOURCE_VIDEO',1,'幸得相遇离婚时','第1集.mp4','short-drama-1308237976','ap-guangzhou','uploads/episode09/episode09-01.mp4','https://short-drama-1308237976.cos.ap-guangzhou.myqcloud.com/uploads/episode09/episode09-01.mp4','video/mp4',27726654,NULL,'UPLOADED','2026-06-07 00:36:08','2026-06-07 11:53:47','PENDING',NULL,'Ready for RAG','2026-06-07 00:36:08',9,'episode09','episode09-01.mp4','video/episode09/episode09-01.mp4'),(167,62,9,284,NULL,'SOURCE_VIDEO',2,'幸得相遇离婚时','第2集.mp4','short-drama-1308237976','ap-guangzhou','uploads/episode09/episode09-02.mp4','https://short-drama-1308237976.cos.ap-guangzhou.myqcloud.com/uploads/episode09/episode09-02.mp4','video/mp4',26380411,NULL,'UPLOADED','2026-06-07 00:36:08','2026-06-07 11:53:47','PENDING',NULL,'Ready for RAG','2026-06-07 00:36:08',9,'episode09','episode09-02.mp4','video/episode09/episode09-02.mp4'),(168,62,9,285,NULL,'SOURCE_VIDEO',3,'幸得相遇离婚时','第3集.mp4','short-drama-1308237976','ap-guangzhou','uploads/episode09/episode09-03.mp4','https://short-drama-1308237976.cos.ap-guangzhou.myqcloud.com/uploads/episode09/episode09-03.mp4','video/mp4',26044886,NULL,'UPLOADED','2026-06-07 00:36:08','2026-06-07 11:53:47','PENDING',NULL,'Ready for RAG','2026-06-07 00:36:08',9,'episode09','episode09-03.mp4','video/episode09/episode09-03.mp4'),(169,62,9,286,NULL,'SOURCE_VIDEO',4,'幸得相遇离婚时','第4集.mp4','short-drama-1308237976','ap-guangzhou','uploads/episode09/episode09-04.mp4','https://short-drama-1308237976.cos.ap-guangzhou.myqcloud.com/uploads/episode09/episode09-04.mp4','video/mp4',17385883,NULL,'UPLOADED','2026-06-07 00:36:08','2026-06-07 11:53:47','PENDING',NULL,'Ready for RAG','2026-06-07 00:36:08',9,'episode09','episode09-04.mp4','video/episode09/episode09-04.mp4'),(170,62,9,287,NULL,'SOURCE_VIDEO',5,'幸得相遇离婚时','第5集.mp4','short-drama-1308237976','ap-guangzhou','uploads/episode09/episode09-05.mp4','https://short-drama-1308237976.cos.ap-guangzhou.myqcloud.com/uploads/episode09/episode09-05.mp4','video/mp4',15051491,NULL,'UPLOADED','2026-06-07 00:36:08','2026-06-07 11:53:47','PENDING',NULL,'Ready for RAG','2026-06-07 00:36:08',9,'episode09','episode09-05.mp4','video/episode09/episode09-05.mp4'),(171,62,9,288,NULL,'SOURCE_VIDEO',6,'幸得相遇离婚时','第6集.mp4','short-drama-1308237976','ap-guangzhou','uploads/episode09/episode09-06.mp4','https://short-drama-1308237976.cos.ap-guangzhou.myqcloud.com/uploads/episode09/episode09-06.mp4','video/mp4',27569934,NULL,'UPLOADED','2026-06-07 00:36:08','2026-06-07 11:53:47','PENDING',NULL,'Ready for RAG','2026-06-07 00:36:08',9,'episode09','episode09-06.mp4','video/episode09/episode09-06.mp4'),(172,62,9,289,NULL,'SOURCE_VIDEO',7,'幸得相遇离婚时','第7集.mp4','short-drama-1308237976','ap-guangzhou','uploads/episode09/episode09-07.mp4','https://short-drama-1308237976.cos.ap-guangzhou.myqcloud.com/uploads/episode09/episode09-07.mp4','video/mp4',19545156,NULL,'UPLOADED','2026-06-07 00:36:08','2026-06-07 11:53:47','PENDING',NULL,'Ready for RAG','2026-06-07 00:36:08',9,'episode09','episode09-07.mp4','video/episode09/episode09-07.mp4'),(173,62,9,290,NULL,'SOURCE_VIDEO',8,'幸得相遇离婚时','第8集.mp4','short-drama-1308237976','ap-guangzhou','uploads/episode09/episode09-08.mp4','https://short-drama-1308237976.cos.ap-guangzhou.myqcloud.com/uploads/episode09/episode09-08.mp4','video/mp4',22484166,NULL,'UPLOADED','2026-06-07 00:36:08','2026-06-07 11:53:47','PENDING',NULL,'Ready for RAG','2026-06-07 00:36:08',9,'episode09','episode09-08.mp4','video/episode09/episode09-08.mp4'),(174,62,9,291,NULL,'SOURCE_VIDEO',9,'幸得相遇离婚时','第9集.mp4','short-drama-1308237976','ap-guangzhou','uploads/episode09/episode09-09.mp4','https://short-drama-1308237976.cos.ap-guangzhou.myqcloud.com/uploads/episode09/episode09-09.mp4','video/mp4',44223519,NULL,'UPLOADED','2026-06-07 00:36:08','2026-06-07 11:53:47','PENDING',NULL,'Ready for RAG','2026-06-07 00:36:08',9,'episode09','episode09-09.mp4','video/episode09/episode09-09.mp4'),(175,62,9,292,NULL,'SOURCE_VIDEO',10,'幸得相遇离婚时','第10集.mp4','short-drama-1308237976','ap-guangzhou','uploads/episode09/episode09-10.mp4','https://short-drama-1308237976.cos.ap-guangzhou.myqcloud.com/uploads/episode09/episode09-10.mp4','video/mp4',22012247,NULL,'UPLOADED','2026-06-07 00:36:08','2026-06-07 11:53:47','PENDING',NULL,'Ready for RAG','2026-06-07 00:36:08',9,'episode09','episode09-10.mp4','video/episode09/episode09-10.mp4'),(176,63,10,293,NULL,'SOURCE_VIDEO',1,'云渺1：我修仙多年强亿点怎么了','第1集.mp4','short-drama-1308237976','ap-guangzhou','uploads/episode10/episode10-01.mp4','https://short-drama-1308237976.cos.ap-guangzhou.myqcloud.com/uploads/episode10/episode10-01.mp4','video/mp4',48222868,NULL,'UPLOADED','2026-06-07 00:36:08','2026-06-07 11:53:47','PENDING',NULL,'Ready for RAG','2026-06-07 00:36:08',10,'episode10','episode10-01.mp4','video/episode10/episode10-01.mp4'),(177,63,10,294,NULL,'SOURCE_VIDEO',2,'云渺1：我修仙多年强亿点怎么了','第2集.mp4','short-drama-1308237976','ap-guangzhou','uploads/episode10/episode10-02.mp4','https://short-drama-1308237976.cos.ap-guangzhou.myqcloud.com/uploads/episode10/episode10-02.mp4','video/mp4',44750499,NULL,'UPLOADED','2026-06-07 00:36:08','2026-06-07 11:53:47','PENDING',NULL,'Ready for RAG','2026-06-07 00:36:08',10,'episode10','episode10-02.mp4','video/episode10/episode10-02.mp4'),(178,63,10,295,NULL,'SOURCE_VIDEO',3,'云渺1：我修仙多年强亿点怎么了','第3集.mp4','short-drama-1308237976','ap-guangzhou','uploads/episode10/episode10-03.mp4','https://short-drama-1308237976.cos.ap-guangzhou.myqcloud.com/uploads/episode10/episode10-03.mp4','video/mp4',32851104,NULL,'UPLOADED','2026-06-07 00:36:08','2026-06-07 11:53:47','PENDING',NULL,'Ready for RAG','2026-06-07 00:36:08',10,'episode10','episode10-03.mp4','video/episode10/episode10-03.mp4'),(179,63,10,296,NULL,'SOURCE_VIDEO',4,'云渺1：我修仙多年强亿点怎么了','第4集.mp4','short-drama-1308237976','ap-guangzhou','uploads/episode10/episode10-04.mp4','https://short-drama-1308237976.cos.ap-guangzhou.myqcloud.com/uploads/episode10/episode10-04.mp4','video/mp4',36038406,NULL,'UPLOADED','2026-06-07 00:36:08','2026-06-07 11:53:47','PENDING',NULL,'Ready for RAG','2026-06-07 00:36:08',10,'episode10','episode10-04.mp4','video/episode10/episode10-04.mp4'),(180,63,10,297,NULL,'SOURCE_VIDEO',5,'云渺1：我修仙多年强亿点怎么了','第5集.mp4','short-drama-1308237976','ap-guangzhou','uploads/episode10/episode10-05.mp4','https://short-drama-1308237976.cos.ap-guangzhou.myqcloud.com/uploads/episode10/episode10-05.mp4','video/mp4',42016042,NULL,'UPLOADED','2026-06-07 00:36:08','2026-06-07 11:53:47','PENDING',NULL,'Ready for RAG','2026-06-07 00:36:08',10,'episode10','episode10-05.mp4','video/episode10/episode10-05.mp4'),(181,63,10,298,NULL,'SOURCE_VIDEO',6,'云渺1：我修仙多年强亿点怎么了','第6集.mp4','short-drama-1308237976','ap-guangzhou','uploads/episode10/episode10-06.mp4','https://short-drama-1308237976.cos.ap-guangzhou.myqcloud.com/uploads/episode10/episode10-06.mp4','video/mp4',40878755,NULL,'UPLOADED','2026-06-07 00:36:08','2026-06-07 11:53:47','PENDING',NULL,'Ready for RAG','2026-06-07 00:36:08',10,'episode10','episode10-06.mp4','video/episode10/episode10-06.mp4'),(182,63,10,299,NULL,'SOURCE_VIDEO',7,'云渺1：我修仙多年强亿点怎么了','第7集.mp4','short-drama-1308237976','ap-guangzhou','uploads/episode10/episode10-07.mp4','https://short-drama-1308237976.cos.ap-guangzhou.myqcloud.com/uploads/episode10/episode10-07.mp4','video/mp4',23839946,NULL,'UPLOADED','2026-06-07 00:36:08','2026-06-07 11:53:47','PENDING',NULL,'Ready for RAG','2026-06-07 00:36:08',10,'episode10','episode10-07.mp4','video/episode10/episode10-07.mp4'),(183,63,10,300,NULL,'SOURCE_VIDEO',8,'云渺1：我修仙多年强亿点怎么了','第8集.mp4','short-drama-1308237976','ap-guangzhou','uploads/episode10/episode10-08.mp4','https://short-drama-1308237976.cos.ap-guangzhou.myqcloud.com/uploads/episode10/episode10-08.mp4','video/mp4',24356741,NULL,'UPLOADED','2026-06-07 00:36:08','2026-06-07 11:53:47','PENDING',NULL,'Ready for RAG','2026-06-07 00:36:08',10,'episode10','episode10-08.mp4','video/episode10/episode10-08.mp4'),(184,63,10,301,NULL,'SOURCE_VIDEO',9,'云渺1：我修仙多年强亿点怎么了','第9集.mp4','short-drama-1308237976','ap-guangzhou','uploads/episode10/episode10-09.mp4','https://short-drama-1308237976.cos.ap-guangzhou.myqcloud.com/uploads/episode10/episode10-09.mp4','video/mp4',37837035,NULL,'UPLOADED','2026-06-07 00:36:08','2026-06-07 11:53:47','PENDING',NULL,'Ready for RAG','2026-06-07 00:36:08',10,'episode10','episode10-09.mp4','video/episode10/episode10-09.mp4'),(185,63,10,302,NULL,'SOURCE_VIDEO',10,'云渺1：我修仙多年强亿点怎么了','第10集.mp4','short-drama-1308237976','ap-guangzhou','uploads/episode10/episode10-10.mp4','https://short-drama-1308237976.cos.ap-guangzhou.myqcloud.com/uploads/episode10/episode10-10.mp4','video/mp4',69551476,NULL,'UPLOADED','2026-06-07 00:36:08','2026-06-07 11:53:47','PENDING',NULL,'Ready for RAG','2026-06-07 00:36:08',10,'episode10','episode10-10.mp4','video/episode10/episode10-10.mp4'),(186,55,3,204,1,'BRANCH_VIDEO',2,'北往','b-demo.mp4','short-drama-1308237976','ap-guangzhou','uploads/branch/b-demo.mp4','https://short-drama-1308237976.cos.ap-guangzhou.myqcloud.com/uploads/branch/b-demo.mp4','video/mp4',NULL,18,'GENERATED','2026-06-07 23:59:05','2026-06-08 00:23:28','WAITING_UPLOAD',NULL,NULL,NULL,2,'episode02','b-demo.mp4','video/branch/b-demo.mp4'),(187,55,3,223,2,'ACTION_VIDEO',10,'北往','a-demo.mp4','short-drama-1308237976','ap-guangzhou','uploads/action/a-demo.mp4','https://short-drama-1308237976.cos.ap-guangzhou.myqcloud.com/uploads/action/a-demo.mp4','video/mp4',NULL,13,'GENERATED','2026-06-08 00:19:00','2026-06-08 00:23:28','WAITING_UPLOAD',NULL,NULL,NULL,2,'episode02','a-demo.mp4','video/action/a-demo.mp4');
/*!40000 ALTER TABLE `video_asset` ENABLE KEYS */;
UNLOCK TABLES;

--
-- Table structure for table `video_name_mapping`
--

DROP TABLE IF EXISTS `video_name_mapping`;
/*!40101 SET @saved_cs_client     = @@character_set_client */;
/*!50503 SET character_set_client = utf8mb4 */;
CREATE TABLE `video_name_mapping` (
  `id` bigint NOT NULL AUTO_INCREMENT,
  `drama_id` bigint DEFAULT NULL,
  `episode_id` bigint DEFAULT NULL,
  `video_asset_id` bigint DEFAULT NULL,
  `batch_id` bigint DEFAULT NULL,
  `drama_no` int DEFAULT NULL,
  `drama_code` varchar(32) CHARACTER SET utf8mb4 COLLATE utf8mb4_unicode_ci DEFAULT NULL,
  `drama_title` varchar(128) CHARACTER SET utf8mb4 COLLATE utf8mb4_unicode_ci NOT NULL,
  `original_folder_name` varchar(255) CHARACTER SET utf8mb4 COLLATE utf8mb4_unicode_ci DEFAULT NULL,
  `original_file_name` varchar(255) CHARACTER SET utf8mb4 COLLATE utf8mb4_unicode_ci DEFAULT NULL,
  `normalized_file_name` varchar(255) CHARACTER SET utf8mb4 COLLATE utf8mb4_unicode_ci NOT NULL,
  `episode_no` int NOT NULL,
  `backend_key` varchar(512) CHARACTER SET utf8mb4 COLLATE utf8mb4_unicode_ci DEFAULT NULL,
  `cos_key` varchar(512) CHARACTER SET utf8mb4 COLLATE utf8mb4_unicode_ci DEFAULT NULL,
  `cos_url` varchar(1024) CHARACTER SET utf8mb4 COLLATE utf8mb4_unicode_ci DEFAULT NULL,
  `file_size` bigint DEFAULT NULL,
  `content_type` varchar(64) CHARACTER SET utf8mb4 COLLATE utf8mb4_unicode_ci DEFAULT NULL,
  `create_time` datetime DEFAULT CURRENT_TIMESTAMP,
  `update_time` datetime DEFAULT CURRENT_TIMESTAMP ON UPDATE CURRENT_TIMESTAMP,
  PRIMARY KEY (`id`),
  UNIQUE KEY `uk_normalized_file` (`normalized_file_name`),
  KEY `idx_drama_episode` (`drama_no`,`episode_no`),
  KEY `idx_asset` (`video_asset_id`),
  KEY `idx_batch` (`batch_id`)
) ENGINE=InnoDB AUTO_INCREMENT=101 DEFAULT CHARSET=utf8mb4 COLLATE=utf8mb4_unicode_ci;
/*!40101 SET character_set_client = @saved_cs_client */;

--
-- Dumping data for table `video_name_mapping`
--

LOCK TABLES `video_name_mapping` WRITE;
/*!40000 ALTER TABLE `video_name_mapping` DISABLE KEYS */;
INSERT INTO `video_name_mapping` VALUES (1,1,206,86,54,1,'episode01','北派寻宝笔记','北派寻宝笔记','第63集.mp4','episode01-63.mp4',63,'video/episode01/episode01-63.mp4','uploads/episode01/episode01-63.mp4','https://short-drama-1308237976.cos.ap-guangzhou.myqcloud.com/uploads/episode01/episode01-63.mp4',118601703,'video/mp4','2026-06-07 00:25:35','2026-06-07 11:53:47'),(2,1,207,87,54,1,'episode01','北派寻宝笔记','北派寻宝笔记','第64集.mp4','episode01-64.mp4',64,'video/episode01/episode01-64.mp4','uploads/episode01/episode01-64.mp4','https://short-drama-1308237976.cos.ap-guangzhou.myqcloud.com/uploads/episode01/episode01-64.mp4',104269816,'video/mp4','2026-06-07 00:25:35','2026-06-07 11:53:47'),(3,1,208,88,54,1,'episode01','北派寻宝笔记','北派寻宝笔记','第65集.mp4','episode01-65.mp4',65,'video/episode01/episode01-65.mp4','uploads/episode01/episode01-65.mp4','https://short-drama-1308237976.cos.ap-guangzhou.myqcloud.com/uploads/episode01/episode01-65.mp4',54509917,'video/mp4','2026-06-07 00:25:35','2026-06-07 11:53:47'),(4,1,209,89,54,1,'episode01','北派寻宝笔记','北派寻宝笔记','第66集.mp4','episode01-66.mp4',66,'video/episode01/episode01-66.mp4','uploads/episode01/episode01-66.mp4','https://short-drama-1308237976.cos.ap-guangzhou.myqcloud.com/uploads/episode01/episode01-66.mp4',69550543,'video/mp4','2026-06-07 00:25:35','2026-06-07 11:53:47'),(5,1,210,90,54,1,'episode01','北派寻宝笔记','北派寻宝笔记','第67集.mp4','episode01-67.mp4',67,'video/episode01/episode01-67.mp4','uploads/episode01/episode01-67.mp4','https://short-drama-1308237976.cos.ap-guangzhou.myqcloud.com/uploads/episode01/episode01-67.mp4',73424151,'video/mp4','2026-06-07 00:25:35','2026-06-07 11:53:47'),(6,1,211,91,54,1,'episode01','北派寻宝笔记','北派寻宝笔记','第68集.mp4','episode01-68.mp4',68,'video/episode01/episode01-68.mp4','uploads/episode01/episode01-68.mp4','https://short-drama-1308237976.cos.ap-guangzhou.myqcloud.com/uploads/episode01/episode01-68.mp4',48057910,'video/mp4','2026-06-07 00:25:35','2026-06-07 11:53:47'),(7,1,212,92,54,1,'episode01','北派寻宝笔记','北派寻宝笔记','第69集.mp4','episode01-69.mp4',69,'video/episode01/episode01-69.mp4','uploads/episode01/episode01-69.mp4','https://short-drama-1308237976.cos.ap-guangzhou.myqcloud.com/uploads/episode01/episode01-69.mp4',49605855,'video/mp4','2026-06-07 00:25:35','2026-06-07 11:53:47'),(8,1,213,93,54,1,'episode01','北派寻宝笔记','北派寻宝笔记','第70集.mp4','episode01-70.mp4',70,'video/episode01/episode01-70.mp4','uploads/episode01/episode01-70.mp4','https://short-drama-1308237976.cos.ap-guangzhou.myqcloud.com/uploads/episode01/episode01-70.mp4',25160497,'video/mp4','2026-06-07 00:25:35','2026-06-07 11:53:47'),(9,1,214,94,54,1,'episode01','北派寻宝笔记','北派寻宝笔记','第71集.mp4','episode01-71.mp4',71,'video/episode01/episode01-71.mp4','uploads/episode01/episode01-71.mp4','https://short-drama-1308237976.cos.ap-guangzhou.myqcloud.com/uploads/episode01/episode01-71.mp4',43627238,'video/mp4','2026-06-07 00:25:35','2026-06-07 11:53:47'),(10,1,215,95,54,1,'episode01','北派寻宝笔记','北派寻宝笔记','第72集.mp4','episode01-72.mp4',72,'video/episode01/episode01-72.mp4','uploads/episode01/episode01-72.mp4','https://short-drama-1308237976.cos.ap-guangzhou.myqcloud.com/uploads/episode01/episode01-72.mp4',43205774,'video/mp4','2026-06-07 00:25:35','2026-06-07 11:53:47'),(11,3,205,96,55,2,'episode02','北往','北往','第1集.mp4','episode02-01.mp4',1,'video/episode02/episode02-01.mp4','uploads/episode02/episode02-01.mp4','https://short-drama-1308237976.cos.ap-guangzhou.myqcloud.com/uploads/episode02/episode02-01.mp4',77614316,'video/mp4','2026-06-07 00:25:35','2026-06-07 11:53:47'),(12,3,204,97,55,2,'episode02','北往','北往','第2集.mp4','episode02-02.mp4',2,'video/episode02/episode02-02.mp4','uploads/episode02/episode02-02.mp4','https://short-drama-1308237976.cos.ap-guangzhou.myqcloud.com/uploads/episode02/episode02-02.mp4',46386771,'video/mp4','2026-06-07 00:25:35','2026-06-07 11:53:47'),(13,3,216,98,55,2,'episode02','北往','北往','第3集.mp4','episode02-03.mp4',3,'video/episode02/episode02-03.mp4','uploads/episode02/episode02-03.mp4','https://short-drama-1308237976.cos.ap-guangzhou.myqcloud.com/uploads/episode02/episode02-03.mp4',39971891,'video/mp4','2026-06-07 00:25:35','2026-06-07 11:53:47'),(14,3,217,99,55,2,'episode02','北往','北往','第4集.mp4','episode02-04.mp4',4,'video/episode02/episode02-04.mp4','uploads/episode02/episode02-04.mp4','https://short-drama-1308237976.cos.ap-guangzhou.myqcloud.com/uploads/episode02/episode02-04.mp4',19364653,'video/mp4','2026-06-07 00:25:35','2026-06-07 11:53:47'),(15,3,218,100,55,2,'episode02','北往','北往','第5集.mp4','episode02-05.mp4',5,'video/episode02/episode02-05.mp4','uploads/episode02/episode02-05.mp4','https://short-drama-1308237976.cos.ap-guangzhou.myqcloud.com/uploads/episode02/episode02-05.mp4',39831665,'video/mp4','2026-06-07 00:25:35','2026-06-07 11:53:47'),(16,3,219,101,55,2,'episode02','北往','北往','第6集.mp4','episode02-06.mp4',6,'video/episode02/episode02-06.mp4','uploads/episode02/episode02-06.mp4','https://short-drama-1308237976.cos.ap-guangzhou.myqcloud.com/uploads/episode02/episode02-06.mp4',47287876,'video/mp4','2026-06-07 00:25:35','2026-06-07 11:53:47'),(17,3,220,102,55,2,'episode02','北往','北往','第7集.mp4','episode02-07.mp4',7,'video/episode02/episode02-07.mp4','uploads/episode02/episode02-07.mp4','https://short-drama-1308237976.cos.ap-guangzhou.myqcloud.com/uploads/episode02/episode02-07.mp4',29971881,'video/mp4','2026-06-07 00:25:35','2026-06-07 11:53:47'),(18,3,221,103,55,2,'episode02','北往','北往','第8集.mp4','episode02-08.mp4',8,'video/episode02/episode02-08.mp4','uploads/episode02/episode02-08.mp4','https://short-drama-1308237976.cos.ap-guangzhou.myqcloud.com/uploads/episode02/episode02-08.mp4',27801681,'video/mp4','2026-06-07 00:25:35','2026-06-07 11:53:47'),(19,3,222,104,55,2,'episode02','北往','北往','第9集.mp4','episode02-09.mp4',9,'video/episode02/episode02-09.mp4','uploads/episode02/episode02-09.mp4','https://short-drama-1308237976.cos.ap-guangzhou.myqcloud.com/uploads/episode02/episode02-09.mp4',42192135,'video/mp4','2026-06-07 00:25:35','2026-06-07 11:53:47'),(20,3,223,105,55,2,'episode02','北往','北往','第10集.mp4','episode02-10.mp4',10,'video/episode02/episode02-10.mp4','uploads/episode02/episode02-10.mp4','https://short-drama-1308237976.cos.ap-guangzhou.myqcloud.com/uploads/episode02/episode02-10.mp4',48558254,'video/mp4','2026-06-07 00:25:35','2026-06-07 11:53:47'),(21,4,224,106,56,3,'episode03','荒年全村啃树皮，我有系统满仓肉','荒年全村啃树皮，我有系统满仓肉','第1集.mp4','episode03-01.mp4',1,'video/episode03/episode03-01.mp4','uploads/episode03/episode03-01.mp4','https://short-drama-1308237976.cos.ap-guangzhou.myqcloud.com/uploads/episode03/episode03-01.mp4',63635297,'video/mp4','2026-06-07 00:25:35','2026-06-07 11:53:47'),(22,4,225,107,56,3,'episode03','荒年全村啃树皮，我有系统满仓肉','荒年全村啃树皮，我有系统满仓肉','第2集.mp4','episode03-02.mp4',2,'video/episode03/episode03-02.mp4','uploads/episode03/episode03-02.mp4','https://short-drama-1308237976.cos.ap-guangzhou.myqcloud.com/uploads/episode03/episode03-02.mp4',99286370,'video/mp4','2026-06-07 00:25:35','2026-06-07 11:53:47'),(23,4,226,108,56,3,'episode03','荒年全村啃树皮，我有系统满仓肉','荒年全村啃树皮，我有系统满仓肉','第3集.mp4','episode03-03.mp4',3,'video/episode03/episode03-03.mp4','uploads/episode03/episode03-03.mp4','https://short-drama-1308237976.cos.ap-guangzhou.myqcloud.com/uploads/episode03/episode03-03.mp4',38994551,'video/mp4','2026-06-07 00:25:35','2026-06-07 11:53:47'),(24,4,227,109,56,3,'episode03','荒年全村啃树皮，我有系统满仓肉','荒年全村啃树皮，我有系统满仓肉','第4集.mp4','episode03-04.mp4',4,'video/episode03/episode03-04.mp4','uploads/episode03/episode03-04.mp4','https://short-drama-1308237976.cos.ap-guangzhou.myqcloud.com/uploads/episode03/episode03-04.mp4',43313845,'video/mp4','2026-06-07 00:25:35','2026-06-07 11:53:47'),(25,4,228,110,56,3,'episode03','荒年全村啃树皮，我有系统满仓肉','荒年全村啃树皮，我有系统满仓肉','第5集.mp4','episode03-05.mp4',5,'video/episode03/episode03-05.mp4','uploads/episode03/episode03-05.mp4','https://short-drama-1308237976.cos.ap-guangzhou.myqcloud.com/uploads/episode03/episode03-05.mp4',38400887,'video/mp4','2026-06-07 00:25:35','2026-06-07 11:53:47'),(26,4,229,111,56,3,'episode03','荒年全村啃树皮，我有系统满仓肉','荒年全村啃树皮，我有系统满仓肉','第6集.mp4','episode03-06.mp4',6,'video/episode03/episode03-06.mp4','uploads/episode03/episode03-06.mp4','https://short-drama-1308237976.cos.ap-guangzhou.myqcloud.com/uploads/episode03/episode03-06.mp4',59016920,'video/mp4','2026-06-07 00:25:35','2026-06-07 11:53:47'),(27,4,230,112,56,3,'episode03','荒年全村啃树皮，我有系统满仓肉','荒年全村啃树皮，我有系统满仓肉','第7集.mp4','episode03-07.mp4',7,'video/episode03/episode03-07.mp4','uploads/episode03/episode03-07.mp4','https://short-drama-1308237976.cos.ap-guangzhou.myqcloud.com/uploads/episode03/episode03-07.mp4',40660330,'video/mp4','2026-06-07 00:25:35','2026-06-07 11:53:47'),(28,4,231,113,56,3,'episode03','荒年全村啃树皮，我有系统满仓肉','荒年全村啃树皮，我有系统满仓肉','第8集.mp4','episode03-08.mp4',8,'video/episode03/episode03-08.mp4','uploads/episode03/episode03-08.mp4','https://short-drama-1308237976.cos.ap-guangzhou.myqcloud.com/uploads/episode03/episode03-08.mp4',94772645,'video/mp4','2026-06-07 00:25:35','2026-06-07 11:53:47'),(29,4,232,114,56,3,'episode03','荒年全村啃树皮，我有系统满仓肉','荒年全村啃树皮，我有系统满仓肉','第9集.mp4','episode03-09.mp4',9,'video/episode03/episode03-09.mp4','uploads/episode03/episode03-09.mp4','https://short-drama-1308237976.cos.ap-guangzhou.myqcloud.com/uploads/episode03/episode03-09.mp4',38720384,'video/mp4','2026-06-07 00:25:35','2026-06-07 11:53:47'),(30,4,233,115,56,3,'episode03','荒年全村啃树皮，我有系统满仓肉','荒年全村啃树皮，我有系统满仓肉','第10集.mp4','episode03-10.mp4',10,'video/episode03/episode03-10.mp4','uploads/episode03/episode03-10.mp4','https://short-drama-1308237976.cos.ap-guangzhou.myqcloud.com/uploads/episode03/episode03-10.mp4',51659721,'video/mp4','2026-06-07 00:25:35','2026-06-07 11:53:47'),(31,5,234,116,57,4,'episode04','家里家外','家里家外','第1集.mp4','episode04-01.mp4',1,'video/episode04/episode04-01.mp4','uploads/episode04/episode04-01.mp4','https://short-drama-1308237976.cos.ap-guangzhou.myqcloud.com/uploads/episode04/episode04-01.mp4',42570436,'video/mp4','2026-06-07 00:25:35','2026-06-07 11:53:47'),(32,5,235,117,57,4,'episode04','家里家外','家里家外','第2集.mp4','episode04-02.mp4',2,'video/episode04/episode04-02.mp4','uploads/episode04/episode04-02.mp4','https://short-drama-1308237976.cos.ap-guangzhou.myqcloud.com/uploads/episode04/episode04-02.mp4',58439119,'video/mp4','2026-06-07 00:25:35','2026-06-07 11:53:47'),(33,5,236,118,57,4,'episode04','家里家外','家里家外','第3集.mp4','episode04-03.mp4',3,'video/episode04/episode04-03.mp4','uploads/episode04/episode04-03.mp4','https://short-drama-1308237976.cos.ap-guangzhou.myqcloud.com/uploads/episode04/episode04-03.mp4',45446257,'video/mp4','2026-06-07 00:25:35','2026-06-07 11:53:47'),(34,5,237,119,57,4,'episode04','家里家外','家里家外','第4集.mp4','episode04-04.mp4',4,'video/episode04/episode04-04.mp4','uploads/episode04/episode04-04.mp4','https://short-drama-1308237976.cos.ap-guangzhou.myqcloud.com/uploads/episode04/episode04-04.mp4',32474641,'video/mp4','2026-06-07 00:25:35','2026-06-07 11:53:47'),(35,5,238,120,57,4,'episode04','家里家外','家里家外','第5集.mp4','episode04-05.mp4',5,'video/episode04/episode04-05.mp4','uploads/episode04/episode04-05.mp4','https://short-drama-1308237976.cos.ap-guangzhou.myqcloud.com/uploads/episode04/episode04-05.mp4',30054406,'video/mp4','2026-06-07 00:25:35','2026-06-07 11:53:47'),(36,5,239,121,57,4,'episode04','家里家外','家里家外','第6集.mp4','episode04-06.mp4',6,'video/episode04/episode04-06.mp4','uploads/episode04/episode04-06.mp4','https://short-drama-1308237976.cos.ap-guangzhou.myqcloud.com/uploads/episode04/episode04-06.mp4',27309326,'video/mp4','2026-06-07 00:25:35','2026-06-07 11:53:47'),(37,5,240,122,57,4,'episode04','家里家外','家里家外','第7集.mp4','episode04-07.mp4',7,'video/episode04/episode04-07.mp4','uploads/episode04/episode04-07.mp4','https://short-drama-1308237976.cos.ap-guangzhou.myqcloud.com/uploads/episode04/episode04-07.mp4',38158829,'video/mp4','2026-06-07 00:25:35','2026-06-07 11:53:47'),(38,5,241,123,57,4,'episode04','家里家外','家里家外','第8集.mp4','episode04-08.mp4',8,'video/episode04/episode04-08.mp4','uploads/episode04/episode04-08.mp4','https://short-drama-1308237976.cos.ap-guangzhou.myqcloud.com/uploads/episode04/episode04-08.mp4',20597417,'video/mp4','2026-06-07 00:25:35','2026-06-07 11:53:47'),(39,5,242,124,57,4,'episode04','家里家外','家里家外','第9集.mp4','episode04-09.mp4',9,'video/episode04/episode04-09.mp4','uploads/episode04/episode04-09.mp4','https://short-drama-1308237976.cos.ap-guangzhou.myqcloud.com/uploads/episode04/episode04-09.mp4',30146859,'video/mp4','2026-06-07 00:25:35','2026-06-07 11:53:47'),(40,5,243,125,57,4,'episode04','家里家外','家里家外','第10集.mp4','episode04-10.mp4',10,'video/episode04/episode04-10.mp4','uploads/episode04/episode04-10.mp4','https://short-drama-1308237976.cos.ap-guangzhou.myqcloud.com/uploads/episode04/episode04-10.mp4',33264719,'video/mp4','2026-06-07 00:25:35','2026-06-07 11:53:47'),(41,6,244,126,58,5,'episode05','那年冬至','那年冬至','第1集.mp4','episode05-01.mp4',1,'video/episode05/episode05-01.mp4','uploads/episode05/episode05-01.mp4','https://short-drama-1308237976.cos.ap-guangzhou.myqcloud.com/uploads/episode05/episode05-01.mp4',38811075,'video/mp4','2026-06-07 00:25:35','2026-06-07 11:53:47'),(42,6,245,127,58,5,'episode05','那年冬至','那年冬至','第2集.mp4','episode05-02.mp4',2,'video/episode05/episode05-02.mp4','uploads/episode05/episode05-02.mp4','https://short-drama-1308237976.cos.ap-guangzhou.myqcloud.com/uploads/episode05/episode05-02.mp4',40793351,'video/mp4','2026-06-07 00:25:35','2026-06-07 11:53:47'),(43,6,246,128,58,5,'episode05','那年冬至','那年冬至','第3集.mp4','episode05-03.mp4',3,'video/episode05/episode05-03.mp4','uploads/episode05/episode05-03.mp4','https://short-drama-1308237976.cos.ap-guangzhou.myqcloud.com/uploads/episode05/episode05-03.mp4',20992749,'video/mp4','2026-06-07 00:25:35','2026-06-07 11:53:47'),(44,6,247,129,58,5,'episode05','那年冬至','那年冬至','第4集.mp4','episode05-04.mp4',4,'video/episode05/episode05-04.mp4','uploads/episode05/episode05-04.mp4','https://short-drama-1308237976.cos.ap-guangzhou.myqcloud.com/uploads/episode05/episode05-04.mp4',18593206,'video/mp4','2026-06-07 00:25:35','2026-06-07 11:53:47'),(45,6,248,130,58,5,'episode05','那年冬至','那年冬至','第5集.mp4','episode05-05.mp4',5,'video/episode05/episode05-05.mp4','uploads/episode05/episode05-05.mp4','https://short-drama-1308237976.cos.ap-guangzhou.myqcloud.com/uploads/episode05/episode05-05.mp4',29252236,'video/mp4','2026-06-07 00:25:35','2026-06-07 11:53:47'),(46,6,249,131,58,5,'episode05','那年冬至','那年冬至','第6集.mp4','episode05-06.mp4',6,'video/episode05/episode05-06.mp4','uploads/episode05/episode05-06.mp4','https://short-drama-1308237976.cos.ap-guangzhou.myqcloud.com/uploads/episode05/episode05-06.mp4',26526923,'video/mp4','2026-06-07 00:25:35','2026-06-07 11:53:47'),(47,6,250,132,58,5,'episode05','那年冬至','那年冬至','第7集.mp4','episode05-07.mp4',7,'video/episode05/episode05-07.mp4','uploads/episode05/episode05-07.mp4','https://short-drama-1308237976.cos.ap-guangzhou.myqcloud.com/uploads/episode05/episode05-07.mp4',23098731,'video/mp4','2026-06-07 00:25:35','2026-06-07 11:53:47'),(48,6,251,133,58,5,'episode05','那年冬至','那年冬至','第8集.mp4','episode05-08.mp4',8,'video/episode05/episode05-08.mp4','uploads/episode05/episode05-08.mp4','https://short-drama-1308237976.cos.ap-guangzhou.myqcloud.com/uploads/episode05/episode05-08.mp4',19441240,'video/mp4','2026-06-07 00:25:35','2026-06-07 11:53:47'),(49,6,252,134,58,5,'episode05','那年冬至','那年冬至','第9集.mp4','episode05-09.mp4',9,'video/episode05/episode05-09.mp4','uploads/episode05/episode05-09.mp4','https://short-drama-1308237976.cos.ap-guangzhou.myqcloud.com/uploads/episode05/episode05-09.mp4',61529661,'video/mp4','2026-06-07 00:25:35','2026-06-07 11:53:47'),(50,6,253,135,58,5,'episode05','那年冬至','那年冬至','第10集.mp4','episode05-10.mp4',10,'video/episode05/episode05-10.mp4','uploads/episode05/episode05-10.mp4','https://short-drama-1308237976.cos.ap-guangzhou.myqcloud.com/uploads/episode05/episode05-10.mp4',21741317,'video/mp4','2026-06-07 00:25:35','2026-06-07 11:53:47'),(51,7,254,136,59,6,'episode06','十八岁太奶奶驾到，重整家族荣耀第三部','十八岁太奶奶驾到，重整家族荣耀第三部','第1集.mp4','episode06-01.mp4',1,'video/episode06/episode06-01.mp4','uploads/episode06/episode06-01.mp4','https://short-drama-1308237976.cos.ap-guangzhou.myqcloud.com/uploads/episode06/episode06-01.mp4',67872080,'video/mp4','2026-06-07 00:25:35','2026-06-07 11:53:47'),(52,7,255,137,59,6,'episode06','十八岁太奶奶驾到，重整家族荣耀第三部','十八岁太奶奶驾到，重整家族荣耀第三部','第2集.mp4','episode06-02.mp4',2,'video/episode06/episode06-02.mp4','uploads/episode06/episode06-02.mp4','https://short-drama-1308237976.cos.ap-guangzhou.myqcloud.com/uploads/episode06/episode06-02.mp4',69427681,'video/mp4','2026-06-07 00:25:35','2026-06-07 11:53:47'),(53,7,256,138,59,6,'episode06','十八岁太奶奶驾到，重整家族荣耀第三部','十八岁太奶奶驾到，重整家族荣耀第三部','第3集.mp4','episode06-03.mp4',3,'video/episode06/episode06-03.mp4','uploads/episode06/episode06-03.mp4','https://short-drama-1308237976.cos.ap-guangzhou.myqcloud.com/uploads/episode06/episode06-03.mp4',65961894,'video/mp4','2026-06-07 00:25:35','2026-06-07 11:53:47'),(54,7,257,139,59,6,'episode06','十八岁太奶奶驾到，重整家族荣耀第三部','十八岁太奶奶驾到，重整家族荣耀第三部','第4集.mp4','episode06-04.mp4',4,'video/episode06/episode06-04.mp4','uploads/episode06/episode06-04.mp4','https://short-drama-1308237976.cos.ap-guangzhou.myqcloud.com/uploads/episode06/episode06-04.mp4',44474291,'video/mp4','2026-06-07 00:25:35','2026-06-07 11:53:47'),(55,7,258,140,59,6,'episode06','十八岁太奶奶驾到，重整家族荣耀第三部','十八岁太奶奶驾到，重整家族荣耀第三部','第5集.mp4','episode06-05.mp4',5,'video/episode06/episode06-05.mp4','uploads/episode06/episode06-05.mp4','https://short-drama-1308237976.cos.ap-guangzhou.myqcloud.com/uploads/episode06/episode06-05.mp4',35211295,'video/mp4','2026-06-07 00:25:35','2026-06-07 11:53:47'),(56,7,259,141,59,6,'episode06','十八岁太奶奶驾到，重整家族荣耀第三部','十八岁太奶奶驾到，重整家族荣耀第三部','第6集.mp4','episode06-06.mp4',6,'video/episode06/episode06-06.mp4','uploads/episode06/episode06-06.mp4','https://short-drama-1308237976.cos.ap-guangzhou.myqcloud.com/uploads/episode06/episode06-06.mp4',49675733,'video/mp4','2026-06-07 00:25:35','2026-06-07 11:53:47'),(57,7,260,142,59,6,'episode06','十八岁太奶奶驾到，重整家族荣耀第三部','十八岁太奶奶驾到，重整家族荣耀第三部','第7集.mp4','episode06-07.mp4',7,'video/episode06/episode06-07.mp4','uploads/episode06/episode06-07.mp4','https://short-drama-1308237976.cos.ap-guangzhou.myqcloud.com/uploads/episode06/episode06-07.mp4',80150027,'video/mp4','2026-06-07 00:25:35','2026-06-07 11:53:47'),(58,7,261,143,59,6,'episode06','十八岁太奶奶驾到，重整家族荣耀第三部','十八岁太奶奶驾到，重整家族荣耀第三部','第8集.mp4','episode06-08.mp4',8,'video/episode06/episode06-08.mp4','uploads/episode06/episode06-08.mp4','https://short-drama-1308237976.cos.ap-guangzhou.myqcloud.com/uploads/episode06/episode06-08.mp4',24600060,'video/mp4','2026-06-07 00:25:35','2026-06-07 11:53:47'),(59,7,262,144,59,6,'episode06','十八岁太奶奶驾到，重整家族荣耀第三部','十八岁太奶奶驾到，重整家族荣耀第三部','第9集.mp4','episode06-09.mp4',9,'video/episode06/episode06-09.mp4','uploads/episode06/episode06-09.mp4','https://short-drama-1308237976.cos.ap-guangzhou.myqcloud.com/uploads/episode06/episode06-09.mp4',21572610,'video/mp4','2026-06-07 00:25:35','2026-06-07 11:53:47'),(60,7,263,145,59,6,'episode06','十八岁太奶奶驾到，重整家族荣耀第三部','十八岁太奶奶驾到，重整家族荣耀第三部','第10集.mp4','episode06-10.mp4',10,'video/episode06/episode06-10.mp4','uploads/episode06/episode06-10.mp4','https://short-drama-1308237976.cos.ap-guangzhou.myqcloud.com/uploads/episode06/episode06-10.mp4',37355339,'video/mp4','2026-06-07 00:25:35','2026-06-07 11:53:47'),(61,8,264,146,60,7,'episode07','撕夜','撕夜','第1集.mp4','episode07-01.mp4',1,'video/episode07/episode07-01.mp4','uploads/episode07/episode07-01.mp4','https://short-drama-1308237976.cos.ap-guangzhou.myqcloud.com/uploads/episode07/episode07-01.mp4',66050629,'video/mp4','2026-06-07 00:25:35','2026-06-07 11:53:47'),(62,8,265,147,60,7,'episode07','撕夜','撕夜','第2集.mp4','episode07-02.mp4',2,'video/episode07/episode07-02.mp4','uploads/episode07/episode07-02.mp4','https://short-drama-1308237976.cos.ap-guangzhou.myqcloud.com/uploads/episode07/episode07-02.mp4',20490529,'video/mp4','2026-06-07 00:25:35','2026-06-07 11:53:47'),(63,8,266,148,60,7,'episode07','撕夜','撕夜','第3集.mp4','episode07-03.mp4',3,'video/episode07/episode07-03.mp4','uploads/episode07/episode07-03.mp4','https://short-drama-1308237976.cos.ap-guangzhou.myqcloud.com/uploads/episode07/episode07-03.mp4',11203494,'video/mp4','2026-06-07 00:25:35','2026-06-07 11:53:47'),(64,8,267,149,60,7,'episode07','撕夜','撕夜','第4集.mp4','episode07-04.mp4',4,'video/episode07/episode07-04.mp4','uploads/episode07/episode07-04.mp4','https://short-drama-1308237976.cos.ap-guangzhou.myqcloud.com/uploads/episode07/episode07-04.mp4',15811284,'video/mp4','2026-06-07 00:25:35','2026-06-07 11:53:47'),(65,8,268,150,60,7,'episode07','撕夜','撕夜','第5集.mp4','episode07-05.mp4',5,'video/episode07/episode07-05.mp4','uploads/episode07/episode07-05.mp4','https://short-drama-1308237976.cos.ap-guangzhou.myqcloud.com/uploads/episode07/episode07-05.mp4',15197371,'video/mp4','2026-06-07 00:25:35','2026-06-07 11:53:47'),(66,8,269,151,60,7,'episode07','撕夜','撕夜','第6集.mp4','episode07-06.mp4',6,'video/episode07/episode07-06.mp4','uploads/episode07/episode07-06.mp4','https://short-drama-1308237976.cos.ap-guangzhou.myqcloud.com/uploads/episode07/episode07-06.mp4',6644897,'video/mp4','2026-06-07 00:25:35','2026-06-07 11:53:47'),(67,8,270,152,60,7,'episode07','撕夜','撕夜','第7集.mp4','episode07-07.mp4',7,'video/episode07/episode07-07.mp4','uploads/episode07/episode07-07.mp4','https://short-drama-1308237976.cos.ap-guangzhou.myqcloud.com/uploads/episode07/episode07-07.mp4',13161948,'video/mp4','2026-06-07 00:25:35','2026-06-07 11:53:47'),(68,8,271,153,60,7,'episode07','撕夜','撕夜','第8集.mp4','episode07-08.mp4',8,'video/episode07/episode07-08.mp4','uploads/episode07/episode07-08.mp4','https://short-drama-1308237976.cos.ap-guangzhou.myqcloud.com/uploads/episode07/episode07-08.mp4',15459709,'video/mp4','2026-06-07 00:25:35','2026-06-07 11:53:47'),(69,8,272,154,60,7,'episode07','撕夜','撕夜','第9集.mp4','episode07-09.mp4',9,'video/episode07/episode07-09.mp4','uploads/episode07/episode07-09.mp4','https://short-drama-1308237976.cos.ap-guangzhou.myqcloud.com/uploads/episode07/episode07-09.mp4',23926341,'video/mp4','2026-06-07 00:25:35','2026-06-07 11:53:47'),(70,8,273,155,60,7,'episode07','撕夜','撕夜','第10集.mp4','episode07-10.mp4',10,'video/episode07/episode07-10.mp4','uploads/episode07/episode07-10.mp4','https://short-drama-1308237976.cos.ap-guangzhou.myqcloud.com/uploads/episode07/episode07-10.mp4',9229397,'video/mp4','2026-06-07 00:25:35','2026-06-07 11:53:47'),(71,2,201,156,61,8,'episode08','天下第一纨绔','天下第一纨绔','第1集.mp4','episode08-01.mp4',1,'video/episode08/episode08-01.mp4','uploads/episode08/episode08-01.mp4','https://short-drama-1308237976.cos.ap-guangzhou.myqcloud.com/uploads/episode08/episode08-01.mp4',121401222,'video/mp4','2026-06-07 00:25:35','2026-06-07 11:53:47'),(72,2,274,157,61,8,'episode08','天下第一纨绔','天下第一纨绔','第2集.mp4','episode08-02.mp4',2,'video/episode08/episode08-02.mp4','uploads/episode08/episode08-02.mp4','https://short-drama-1308237976.cos.ap-guangzhou.myqcloud.com/uploads/episode08/episode08-02.mp4',23726896,'video/mp4','2026-06-07 00:25:35','2026-06-07 11:53:47'),(73,2,275,158,61,8,'episode08','天下第一纨绔','天下第一纨绔','第3集.mp4','episode08-03.mp4',3,'video/episode08/episode08-03.mp4','uploads/episode08/episode08-03.mp4','https://short-drama-1308237976.cos.ap-guangzhou.myqcloud.com/uploads/episode08/episode08-03.mp4',69542393,'video/mp4','2026-06-07 00:25:35','2026-06-07 11:53:47'),(74,2,276,159,61,8,'episode08','天下第一纨绔','天下第一纨绔','第4集.mp4','episode08-04.mp4',4,'video/episode08/episode08-04.mp4','uploads/episode08/episode08-04.mp4','https://short-drama-1308237976.cos.ap-guangzhou.myqcloud.com/uploads/episode08/episode08-04.mp4',69442237,'video/mp4','2026-06-07 00:25:35','2026-06-07 11:53:47'),(75,2,277,160,61,8,'episode08','天下第一纨绔','天下第一纨绔','第5集.mp4','episode08-05.mp4',5,'video/episode08/episode08-05.mp4','uploads/episode08/episode08-05.mp4','https://short-drama-1308237976.cos.ap-guangzhou.myqcloud.com/uploads/episode08/episode08-05.mp4',30900368,'video/mp4','2026-06-07 00:25:35','2026-06-07 11:53:47'),(76,2,278,161,61,8,'episode08','天下第一纨绔','天下第一纨绔','第6集.mp4','episode08-06.mp4',6,'video/episode08/episode08-06.mp4','uploads/episode08/episode08-06.mp4','https://short-drama-1308237976.cos.ap-guangzhou.myqcloud.com/uploads/episode08/episode08-06.mp4',20244495,'video/mp4','2026-06-07 00:25:35','2026-06-07 11:53:47'),(77,2,279,162,61,8,'episode08','天下第一纨绔','天下第一纨绔','第7集.mp4','episode08-07.mp4',7,'video/episode08/episode08-07.mp4','uploads/episode08/episode08-07.mp4','https://short-drama-1308237976.cos.ap-guangzhou.myqcloud.com/uploads/episode08/episode08-07.mp4',128813096,'video/mp4','2026-06-07 00:25:35','2026-06-07 11:53:47'),(78,2,280,163,61,8,'episode08','天下第一纨绔','天下第一纨绔','第8集.mp4','episode08-08.mp4',8,'video/episode08/episode08-08.mp4','uploads/episode08/episode08-08.mp4','https://short-drama-1308237976.cos.ap-guangzhou.myqcloud.com/uploads/episode08/episode08-08.mp4',68567219,'video/mp4','2026-06-07 00:25:35','2026-06-07 11:53:47'),(79,2,281,164,61,8,'episode08','天下第一纨绔','天下第一纨绔','第9集.mp4','episode08-09.mp4',9,'video/episode08/episode08-09.mp4','uploads/episode08/episode08-09.mp4','https://short-drama-1308237976.cos.ap-guangzhou.myqcloud.com/uploads/episode08/episode08-09.mp4',82041048,'video/mp4','2026-06-07 00:25:35','2026-06-07 11:53:47'),(80,2,282,165,61,8,'episode08','天下第一纨绔','天下第一纨绔','第10集.mp4','episode08-10.mp4',10,'video/episode08/episode08-10.mp4','uploads/episode08/episode08-10.mp4','https://short-drama-1308237976.cos.ap-guangzhou.myqcloud.com/uploads/episode08/episode08-10.mp4',43274680,'video/mp4','2026-06-07 00:25:35','2026-06-07 11:53:47'),(81,9,283,166,62,9,'episode09','幸得相遇离婚时','幸得相遇离婚时','第1集.mp4','episode09-01.mp4',1,'video/episode09/episode09-01.mp4','uploads/episode09/episode09-01.mp4','https://short-drama-1308237976.cos.ap-guangzhou.myqcloud.com/uploads/episode09/episode09-01.mp4',27726654,'video/mp4','2026-06-07 00:25:35','2026-06-07 11:53:47'),(82,9,284,167,62,9,'episode09','幸得相遇离婚时','幸得相遇离婚时','第2集.mp4','episode09-02.mp4',2,'video/episode09/episode09-02.mp4','uploads/episode09/episode09-02.mp4','https://short-drama-1308237976.cos.ap-guangzhou.myqcloud.com/uploads/episode09/episode09-02.mp4',26380411,'video/mp4','2026-06-07 00:25:35','2026-06-07 11:53:47'),(83,9,285,168,62,9,'episode09','幸得相遇离婚时','幸得相遇离婚时','第3集.mp4','episode09-03.mp4',3,'video/episode09/episode09-03.mp4','uploads/episode09/episode09-03.mp4','https://short-drama-1308237976.cos.ap-guangzhou.myqcloud.com/uploads/episode09/episode09-03.mp4',26044886,'video/mp4','2026-06-07 00:25:35','2026-06-07 11:53:47'),(84,9,286,169,62,9,'episode09','幸得相遇离婚时','幸得相遇离婚时','第4集.mp4','episode09-04.mp4',4,'video/episode09/episode09-04.mp4','uploads/episode09/episode09-04.mp4','https://short-drama-1308237976.cos.ap-guangzhou.myqcloud.com/uploads/episode09/episode09-04.mp4',17385883,'video/mp4','2026-06-07 00:25:35','2026-06-07 11:53:47'),(85,9,287,170,62,9,'episode09','幸得相遇离婚时','幸得相遇离婚时','第5集.mp4','episode09-05.mp4',5,'video/episode09/episode09-05.mp4','uploads/episode09/episode09-05.mp4','https://short-drama-1308237976.cos.ap-guangzhou.myqcloud.com/uploads/episode09/episode09-05.mp4',15051491,'video/mp4','2026-06-07 00:25:35','2026-06-07 11:53:47'),(86,9,288,171,62,9,'episode09','幸得相遇离婚时','幸得相遇离婚时','第6集.mp4','episode09-06.mp4',6,'video/episode09/episode09-06.mp4','uploads/episode09/episode09-06.mp4','https://short-drama-1308237976.cos.ap-guangzhou.myqcloud.com/uploads/episode09/episode09-06.mp4',27569934,'video/mp4','2026-06-07 00:25:35','2026-06-07 11:53:47'),(87,9,289,172,62,9,'episode09','幸得相遇离婚时','幸得相遇离婚时','第7集.mp4','episode09-07.mp4',7,'video/episode09/episode09-07.mp4','uploads/episode09/episode09-07.mp4','https://short-drama-1308237976.cos.ap-guangzhou.myqcloud.com/uploads/episode09/episode09-07.mp4',19545156,'video/mp4','2026-06-07 00:25:35','2026-06-07 11:53:47'),(88,9,290,173,62,9,'episode09','幸得相遇离婚时','幸得相遇离婚时','第8集.mp4','episode09-08.mp4',8,'video/episode09/episode09-08.mp4','uploads/episode09/episode09-08.mp4','https://short-drama-1308237976.cos.ap-guangzhou.myqcloud.com/uploads/episode09/episode09-08.mp4',22484166,'video/mp4','2026-06-07 00:25:35','2026-06-07 11:53:47'),(89,9,291,174,62,9,'episode09','幸得相遇离婚时','幸得相遇离婚时','第9集.mp4','episode09-09.mp4',9,'video/episode09/episode09-09.mp4','uploads/episode09/episode09-09.mp4','https://short-drama-1308237976.cos.ap-guangzhou.myqcloud.com/uploads/episode09/episode09-09.mp4',44223519,'video/mp4','2026-06-07 00:25:35','2026-06-07 11:53:47'),(90,9,292,175,62,9,'episode09','幸得相遇离婚时','幸得相遇离婚时','第10集.mp4','episode09-10.mp4',10,'video/episode09/episode09-10.mp4','uploads/episode09/episode09-10.mp4','https://short-drama-1308237976.cos.ap-guangzhou.myqcloud.com/uploads/episode09/episode09-10.mp4',22012247,'video/mp4','2026-06-07 00:25:35','2026-06-07 11:53:47'),(91,10,293,176,63,10,'episode10','云渺1：我修仙多年强亿点怎么了','云渺1：我修仙多年强亿点怎么了','第1集.mp4','episode10-01.mp4',1,'video/episode10/episode10-01.mp4','uploads/episode10/episode10-01.mp4','https://short-drama-1308237976.cos.ap-guangzhou.myqcloud.com/uploads/episode10/episode10-01.mp4',48222868,'video/mp4','2026-06-07 00:25:35','2026-06-07 11:53:47'),(92,10,294,177,63,10,'episode10','云渺1：我修仙多年强亿点怎么了','云渺1：我修仙多年强亿点怎么了','第2集.mp4','episode10-02.mp4',2,'video/episode10/episode10-02.mp4','uploads/episode10/episode10-02.mp4','https://short-drama-1308237976.cos.ap-guangzhou.myqcloud.com/uploads/episode10/episode10-02.mp4',44750499,'video/mp4','2026-06-07 00:25:35','2026-06-07 11:53:47'),(93,10,295,178,63,10,'episode10','云渺1：我修仙多年强亿点怎么了','云渺1：我修仙多年强亿点怎么了','第3集.mp4','episode10-03.mp4',3,'video/episode10/episode10-03.mp4','uploads/episode10/episode10-03.mp4','https://short-drama-1308237976.cos.ap-guangzhou.myqcloud.com/uploads/episode10/episode10-03.mp4',32851104,'video/mp4','2026-06-07 00:25:35','2026-06-07 11:53:47'),(94,10,296,179,63,10,'episode10','云渺1：我修仙多年强亿点怎么了','云渺1：我修仙多年强亿点怎么了','第4集.mp4','episode10-04.mp4',4,'video/episode10/episode10-04.mp4','uploads/episode10/episode10-04.mp4','https://short-drama-1308237976.cos.ap-guangzhou.myqcloud.com/uploads/episode10/episode10-04.mp4',36038406,'video/mp4','2026-06-07 00:25:35','2026-06-07 11:53:47'),(95,10,297,180,63,10,'episode10','云渺1：我修仙多年强亿点怎么了','云渺1：我修仙多年强亿点怎么了','第5集.mp4','episode10-05.mp4',5,'video/episode10/episode10-05.mp4','uploads/episode10/episode10-05.mp4','https://short-drama-1308237976.cos.ap-guangzhou.myqcloud.com/uploads/episode10/episode10-05.mp4',42016042,'video/mp4','2026-06-07 00:25:35','2026-06-07 11:53:47'),(96,10,298,181,63,10,'episode10','云渺1：我修仙多年强亿点怎么了','云渺1：我修仙多年强亿点怎么了','第6集.mp4','episode10-06.mp4',6,'video/episode10/episode10-06.mp4','uploads/episode10/episode10-06.mp4','https://short-drama-1308237976.cos.ap-guangzhou.myqcloud.com/uploads/episode10/episode10-06.mp4',40878755,'video/mp4','2026-06-07 00:25:35','2026-06-07 11:53:47'),(97,10,299,182,63,10,'episode10','云渺1：我修仙多年强亿点怎么了','云渺1：我修仙多年强亿点怎么了','第7集.mp4','episode10-07.mp4',7,'video/episode10/episode10-07.mp4','uploads/episode10/episode10-07.mp4','https://short-drama-1308237976.cos.ap-guangzhou.myqcloud.com/uploads/episode10/episode10-07.mp4',23839946,'video/mp4','2026-06-07 00:25:35','2026-06-07 11:53:47'),(98,10,300,183,63,10,'episode10','云渺1：我修仙多年强亿点怎么了','云渺1：我修仙多年强亿点怎么了','第8集.mp4','episode10-08.mp4',8,'video/episode10/episode10-08.mp4','uploads/episode10/episode10-08.mp4','https://short-drama-1308237976.cos.ap-guangzhou.myqcloud.com/uploads/episode10/episode10-08.mp4',24356741,'video/mp4','2026-06-07 00:25:35','2026-06-07 11:53:47'),(99,10,301,184,63,10,'episode10','云渺1：我修仙多年强亿点怎么了','云渺1：我修仙多年强亿点怎么了','第9集.mp4','episode10-09.mp4',9,'video/episode10/episode10-09.mp4','uploads/episode10/episode10-09.mp4','https://short-drama-1308237976.cos.ap-guangzhou.myqcloud.com/uploads/episode10/episode10-09.mp4',37837035,'video/mp4','2026-06-07 00:25:35','2026-06-07 11:53:47'),(100,10,302,185,63,10,'episode10','云渺1：我修仙多年强亿点怎么了','云渺1：我修仙多年强亿点怎么了','第10集.mp4','episode10-10.mp4',10,'video/episode10/episode10-10.mp4','uploads/episode10/episode10-10.mp4','https://short-drama-1308237976.cos.ap-guangzhou.myqcloud.com/uploads/episode10/episode10-10.mp4',69551476,'video/mp4','2026-06-07 00:25:35','2026-06-07 11:53:47');
/*!40000 ALTER TABLE `video_name_mapping` ENABLE KEYS */;
UNLOCK TABLES;

--
-- Dumping events for database 'drama'
--

--
-- Dumping routines for database 'drama'
--
/*!40103 SET TIME_ZONE=@OLD_TIME_ZONE */;

/*!40101 SET SQL_MODE=@OLD_SQL_MODE */;
/*!40014 SET FOREIGN_KEY_CHECKS=@OLD_FOREIGN_KEY_CHECKS */;
/*!40014 SET UNIQUE_CHECKS=@OLD_UNIQUE_CHECKS */;
/*!40101 SET CHARACTER_SET_CLIENT=@OLD_CHARACTER_SET_CLIENT */;
/*!40101 SET CHARACTER_SET_RESULTS=@OLD_CHARACTER_SET_RESULTS */;
/*!40101 SET COLLATION_CONNECTION=@OLD_COLLATION_CONNECTION */;
/*!40111 SET SQL_NOTES=@OLD_SQL_NOTES */;

-- Dump completed on 2026-06-08 11:57:15
